id,coodx,coody,z1,z2,z3,target,dataset
937,37,9,-1.2298002324132522,-0.2876416047312834,-1.8885257149320729,-0.4644869996053036,train
9355,55,93,-1.5954917163454096,3.5502044290928336,-4.684628532267366,8.086691170048065,test
2293,93,22,1.880535936038525,2.4018786729502493,1.2052945801251789,7.867926480593192,train
192,92,1,0.6368727923885174,1.5949146320388805,-2.499620477411508,5.513903550280144,test
8675,75,86,1.131353222125757,-0.6556839183783626,-0.94821978604035,10.44733251697024,train
53,53,0,-1.9633086848573305,-1.937032258901885,-2.8859071963338274,3.924409653937915,train
9596,96,95,0.4535049106212298,2.0021087569603115,2.331901892274283,10.8242487259081,train
265,65,2,-0.5191789088386362,-3.075059417490664,-1.8687004693407785,-0.403204212031135,train
984,84,9,1.2403117836921127,-0.3367130775241307,-0.7976629665781562,10.296374427579766,test
9793,93,97,0.836586830312338,1.4454218312458404,2.3181653309414973,11.566429007694644,test
4737,37,47,-5.754225516026141,-1.8904982390966407,-3.5680032668332173,-3.8745223920722895,train
4691,91,46,0.6080867667695856,3.542834161066317,5.1116912920744575,13.200668863324928,train
6016,16,60,-5.308637066004959,1.3153105560775105,-1.90823476066306,6.3895087190970505,test
5376,76,53,-0.4628648836239102,1.2546324882336457,2.966687579189001,13.261095200396694,train
9366,66,93,-0.2400917575099959,1.5885083595682798,-2.6752968180491816,4.631952169744178,train
2481,81,24,1.7826197353848878,-0.2408947114452638,2.185448737448268,11.69890487029408,train
3909,9,39,-4.732964446662858,-4.836596034225769,-0.2411133436908095,-4.350529901553333,test
7533,33,75,1.464662548249156,-2.2482326179399936,-4.956154331372932,0.9073583785923196,train
212,12,2,1.8279246737754669,-1.9056798014338576,2.734318451509677,5.147586267859994,train
1461,61,14,0.6471652170108098,-3.492267884678843,-1.5380050244923051,1.0751933262355604,train
9069,69,90,0.303363769852484,-0.2476157956396536,-2.11303086241298,5.226177841595986,train
3519,19,35,-5.092794253056932,-3.192217218738326,-0.97903976280305,0.5552713113126604,test
2933,33,29,-3.857650187067047,-6.087377189107954,-2.206402108421251,-7.148990308532255,test
9122,22,91,-0.2920428826052631,-4.252346959882345,-4.496611147318454,3.139195466084047,train
209,9,2,1.850679082583868,-1.0736281020819336,2.892271885237865,3.5512592569774872,train
1865,65,18,1.0562428320373467,-2.522948316829458,-0.4970657039239733,1.075978814714627,train
5481,81,54,-0.101337836036506,1.071490735223656,3.5501977307681307,16.057929947953067,train
6128,28,61,-3.3321196185432767,-0.8462646634310266,-3.9169245423285264,1.6881992485877273,train
3449,49,34,-2.228302513580576,-3.78863081379977,-2.0184178294067787,2.6547240067027955,test
8888,88,88,1.504730124354834,0.8891567027929265,1.2208710099341316,13.605650769214204,test
6681,81,66,1.4940766163670107,-1.695883981238007,1.6748315343986664,15.75143432861312,train
4696,96,46,0.6716628987384383,2.767489415290372,5.297696420221018,11.145482671411193,train
5719,19,57,-5.838254139182367,-0.3054038764298812,-2.4369227982411057,4.9864335768489685,train
3529,29,35,-5.575474666497394,-5.089614297650149,-2.3168939014827203,-5.946814173923509,test
5905,5,59,-5.636574230912336,1.0375225949034563,0.3200240804204116,0.8157963422483738,train
5142,42,51,-4.104507282637752,-1.885695343799135,-3.470706203508858,0.9634632646872898,train
1950,50,19,0.3345617392034509,-2.8105134006791093,-2.3922812915525338,4.803992006120482,train
398,98,3,0.0809571018976755,0.8769974790412701,-3.4619525152540183,3.2000391496299887,train
6972,72,69,1.7654833940767194,-1.175808811690937,-0.1244666657986768,10.037225360211224,train
5062,62,50,-0.6582014360448598,0.8161947396207879,0.4468907388387849,5.490957111841466,train
8612,12,86,-3.0709724282440107,-3.9377355374459033,-2.421908940321212,1.4085993767904457,train
1838,38,18,-1.2609200403798944,-2.9362012410007017,-2.167892261217821,-2.328689842503742,train
3491,91,34,1.534017909240241,1.733637642023618,4.169956874331214,10.136062262407624,train
9863,63,98,-0.7294989147055871,2.861249495592401,-3.098888739811932,5.28330039574191,test
1361,61,13,0.4992856083035326,-3.6187617005267865,-1.6341111312898426,0.9508920400653018,train
5128,28,51,-6.474751822441817,-0.1634952565906146,-3.472435278616538,-1.019965218050916,train
4082,82,40,0.2685149346918886,2.3960753154704086,4.435471618012199,14.63754034345665,train
610,10,6,1.4126874271501322,-0.6795617910850122,2.7592688551501308,4.384205911823224,train
4716,16,47,-7.020180618243651,-2.118361862273716,-1.5650872371600186,1.2168865429124276,train
2681,81,26,1.7452720865147908,0.1582065494342917,2.582783175819001,12.048126162149934,test
1619,19,16,-0.3782126694825911,-2.020730285867073,1.2282033030729782,5.690057139614364,train
3880,80,38,0.2872282513042975,1.9227131293341289,4.134021781274825,13.64438807158328,train
9662,62,96,-0.868248781427071,2.922454486720352,-3.3956379755315296,5.2479278011201576,train
4724,24,47,-7.150592661069068,-2.151556026751453,-2.77050991428392,-0.5170920339900373,test
829,29,8,-0.4651933006494865,-1.865591179181396,-0.3017991579552454,0.8480136482014089,train
2844,44,28,-1.9072262995785665,-3.97943553295878,-2.5261693848179663,-0.1458363705051324,train
8749,49,87,-0.9645393338293528,3.6639100310502495,-5.308916392627921,9.303017223304485,train
3921,21,39,-6.2470410162003,-2.8179573723782565,-1.6882289524199994,-0.0497733193358458,train
8123,23,81,0.7190057930368434,-0.7631251269290459,-4.07082595413912,6.168056386547089,train
5346,46,53,-2.6916360572919804,-0.630602543384466,-3.090131811642033,5.70622819223426,train
4180,80,41,-0.1046321862771007,1.843658218740493,4.256038924805253,13.961189491688454,train
9608,8,96,-3.2101588200931133,-6.941810750930014,-2.9101953806787413,-3.739798731153285,train
7983,83,79,2.1874150389937785,-1.9063431606035024,0.5246301065998425,14.710201220205748,test
3940,40,39,-4.989999978863918,-5.099816834715628,-3.0257912951143773,-4.76378264850298,train
4260,60,42,-1.5840306372717146,0.4172538283067627,0.3284641201828062,3.981081723055037,train
5851,51,58,-0.3236839195646103,-0.1170215972260037,-2.630769760621727,9.69185972127864,train
5992,92,59,2.080510687377228,-0.0075510355262646,3.958740388095882,13.39293540805775,train
7061,61,70,2.2347103724967767,0.1833728480742292,-2.1902401902532795,7.860721480509149,train
2169,69,21,1.1274136218686852,-1.6449365110235985,0.5293531846601122,2.950264353174017,train
5842,42,58,-2.397584014037572,-0.7668585363988891,-3.885543888589009,3.5462265549062693,train
3706,6,37,-3.718108999449744,-6.36095059932637,0.0329549741863157,-6.570341034363135,test
7812,12,78,-2.9048522577058287,-1.0070792918518312,-1.6557480549347778,4.394416140488544,train
7189,89,71,2.896658871022101,-2.390570061883133,1.933923440036536,13.67205157534714,train
896,96,8,0.8719214798439514,2.4708781544014515,-2.5588557208268554,5.0843123213759,train
9966,66,99,-0.3112305825159908,2.650885009818938,-2.396801205761125,5.669258803878364,train
8682,82,86,1.5512534894441254,-0.7659788800343559,0.2882996587905625,14.28847707527337,train
1793,93,17,1.705205582826056,2.7962976225104725,-0.1484845990297706,7.537494474275411,test
1377,77,13,0.905575575219696,-1.032949390783172,-0.0239274295906563,8.84539511902514,train
3863,63,38,-1.160526419984508,0.8894117905201283,1.021079115557065,3.0200979946600266,train
6876,76,68,1.5341012978957376,-1.7599801474294865,0.6584542540929511,13.007148392730604,train
1803,3,18,-0.2475097713639118,-0.612429060414302,1.6108133806036005,-1.1471084604212758,train
5288,88,52,0.5773344265824174,2.8793371914876142,4.528055152945099,15.56754045600878,train
1442,42,14,-0.8552020370360738,-2.2056123261345144,-2.506471414235915,1.0225276384707018,train
7155,55,71,1.7854300646601178,0.7368353503105798,-3.325581696999301,10.521753348560877,test
9423,23,94,-0.165061597306335,-4.601757102527753,-4.743885782931064,2.4034830731762007,train
4744,44,47,-4.197658361916195,-2.338606403315612,-3.0375969460554293,1.4943151578670395,train
8393,93,83,1.8813641844026503,-1.3336149032280136,1.6196123572966268,10.489145888120914,train
4571,71,45,-1.1143091560285252,2.0024663736501296,2.760061447958079,7.8645763593714815,train
1611,11,16,-0.0358735939733336,-1.1894623783320086,2.038341826875378,3.1860619489635766,train
9721,21,97,-0.3600524927515041,-4.44760197319997,-4.59417054766955,3.331028568932764,train
3037,37,30,-3.6712226881541135,-6.086045691465725,-2.572928304775419,-6.6994879472873405,train
2604,4,26,-1.2871056752504129,-1.8346390655971427,0.8682279901144678,-3.3482443898223444,train
2094,94,20,1.721836691396086,2.6006122450737013,0.5388983306398198,7.249294278552721,train
2122,22,21,-1.6083835807724047,-3.323268431558445,0.2461904926573929,2.701399145290784,train
605,5,6,1.2911035352614038,0.3819747013055102,2.729591227725879,1.9970177637521729,test
327,27,3,-0.022816053321358,-1.7139931930492402,0.2052035530853515,2.497727837737334,train
7379,79,73,1.9349554344896829,-3.703754401248976,0.4385294321586152,13.513545235876098,train
7566,66,75,1.977635254057723,0.5818878152134735,-1.923536093650966,6.931963364621431,train
2594,94,25,1.784618279778313,2.2608831272884604,1.940780590148268,7.652491194075389,train
4036,36,40,-5.823372548894457,-3.937077359007074,-3.157113539187099,-6.468240838156867,test
8795,95,87,1.0259836909317688,-0.4659506929114403,1.848116347851388,9.745875614625865,train
5450,50,54,-1.4697876351509291,-0.2091145746677561,-2.4903114890386235,8.412527405868946,train
7742,42,77,0.9362426329378036,-1.3643271740000469,-5.193568662315295,4.570495599139984,train
6773,73,67,1.5512948418433767,-0.8437985272808894,0.338097459523446,11.111699424968863,train
8605,5,86,-4.5027259165694655,-4.453135413133867,-1.0548418907311743,-2.9004034747301946,train
5696,96,56,1.9840167622903555,1.6289956482797794,4.658229531084343,12.919521119165712,train
5310,10,53,-6.582683115882358,-0.429492376707856,-0.7052582212227859,0.5411391307318185,train
1190,90,11,1.5244601942480602,1.551657043324614,-1.1062509638854914,8.164056025533156,train
5670,70,56,0.2000997658898154,1.2843081852507146,1.50964174950201,9.042085182653384,train
5652,52,56,-0.5595739050929142,-0.2479905079176404,-2.269774081030109,9.250615796096591,train
2572,72,25,1.0833223007781243,-1.402155518278917,1.5766853965981404,5.28818900796608,train
2167,67,21,1.1355554274168849,-1.7577027318622065,0.2222617281614114,1.953609125343636,test
9603,3,96,-3.560700519583175,-6.3181033120590655,-2.252089861619804,-5.02952238588902,train
369,69,3,-0.124533923910613,-2.6574688198092296,-1.468146012031178,1.2909777874068586,train
6605,5,66,-4.934832438264264,0.380128152006601,0.4740040655177933,1.7077553413734754,train
1836,36,18,-1.401925955767922,-2.4995689433126738,-1.9238231838803923,-2.7983211711140443,test
1963,63,19,1.1341604960846974,-2.431328999799577,-0.687503498850805,1.237338342898673,train
2660,60,26,0.7433361496417794,-1.7610100054007904,-0.4482258601405359,2.2800772385017303,train
2260,60,22,1.123139417444528,-2.9164016977680696,-0.8517849613910271,1.8333441073856525,train
6145,45,61,-0.9688272758308304,-0.1793321588950975,-3.78047274322296,7.17639173503883,train
9983,83,99,0.8592896286672344,1.96728187408506,1.2584845768242474,16.05208882698103,train
6389,89,63,2.2168994113524727,-1.1958514265243687,3.070522592527789,14.45904747084816,train
7662,62,76,1.819043932475804,-0.039347843147769,-2.7266444520595816,6.485717168634966,train
8202,2,82,-4.7092418283093975,-2.6291700925832293,0.101106660204794,-1.2481631475364576,test
3077,77,30,1.0304983306094526,-0.1685773739594466,2.9598380137736,10.215886514440635,train
4044,44,40,-4.236320701375657,-5.208029558030156,-2.753627877351687,-1.2741430061379049,train
4176,76,41,-0.577402028023223,1.0516834008037912,3.71779416242592,11.024703565730777,train
6552,52,65,1.1312609583533149,1.2945741952145031,-3.144265750682236,11.55832181276098,test
3900,0,39,-2.908614378097062,-4.856113130979676,-0.0374513834662017,-5.673867947555955,test
4994,94,49,0.8644457305888245,2.93675621840174,5.157301654907768,12.323247395558184,train
542,42,5,-1.776871877562131,-1.3805601819539632,-2.5584795625563124,1.3179422443252582,train
2647,47,26,-0.8781473470018558,-2.902754520545314,-2.3625995658678134,2.856379311574156,test
838,38,8,-1.3366554591602002,0.0023570667810188,-2.039119835625825,0.0285471170888884,train
8797,97,87,0.6436847001685037,-0.6687801385435684,1.964789414540303,9.383997588237229,train
2584,84,25,2.011064946473277,1.024357522206503,2.439596699585489,12.37755139201102,test
4845,45,48,-3.836434522865035,-1.9754117436695728,-2.9547412892273845,2.8036841060763047,test
2949,49,29,-1.1133042242455216,-3.481072826338702,-2.099805224523988,3.1579261390560447,test
8578,78,85,1.4076160304343703,-1.2973868239205444,-0.4003157233323866,12.537961263560796,train
8615,15,86,-2.114997538580782,-3.4583415696555004,-2.996627517981984,3.572870886425896,train
5338,38,53,-4.566186210996701,-1.759134896675784,-3.865253878362167,-1.626386078887008,test
961,61,9,-0.1422842116087945,-2.9875021186551685,-1.9666686226025287,0.9892233651245368,train
7330,30,73,1.090526413282987,-1.9814472711863456,-4.613617001380935,2.086869542708081,train
8809,9,88,-3.827602656139317,-6.06604960545562,-2.0846845553562763,-2.1802738412095737,train
7900,0,79,-4.6277858288195,-1.118706078202249,0.8735819979829652,0.8116533490082674,train
4996,96,49,0.9098863706458828,2.723055685123971,5.244777645640688,11.874755027436702,train
640,40,6,-1.599717462948166,-0.3467832745756021,-2.320101652923251,0.7284506689936445,test
1243,43,12,-0.9296004515485962,-1.7828765306495364,-2.59485860931356,2.040133862049124,train
696,96,6,0.705498512551846,2.432884115300918,-2.8348333832024144,4.793973793642152,train
8309,9,83,-3.828001355538032,-2.7180499522667008,-1.4771763692834372,0.5075644231014165,train
6063,63,60,1.3792175458943072,-0.275543148164082,-0.4441108738044192,6.916294230342675,train
5349,49,53,-1.9344556893575624,-0.2904316754983081,-2.6012175904861405,7.724519051586765,train
2183,83,21,1.87993001359506,0.5571743731731709,1.5695982290127626,11.984109080498774,train
6985,85,69,2.262645563590392,-2.945352088998732,1.735562170624183,15.021639771673597,train
5854,54,58,0.278690143062317,-0.3832819926456183,-2.061138414894183,9.471651655345866,train
9268,68,92,0.035383731977844,0.4159187924354174,-2.280633557289664,4.872701744846928,train
3745,45,37,-3.63461460666306,-5.142650083691112,-2.561862437153873,-0.5766119806678169,train
4980,80,49,-0.5099485101331817,1.3664593218666554,3.976772564473205,14.998106001283166,test
5845,45,58,-1.729277087617114,-0.3441376039128841,-3.5614100087018272,6.409861508783846,train
2851,51,28,-0.5373634475492398,-3.151562325623748,-1.8712103655815413,3.9158988712161498,test
8735,35,87,0.6549789672185681,-0.7360390420811258,-5.625646371573352,-0.1271551488327569,train
3594,94,35,1.2287840219882251,2.080873009298087,4.283190426999611,8.963285845802549,test
3002,2,30,-1.692210612106951,-3.775086023466416,0.388791632133144,-5.221240644478906,train
1949,49,19,0.1922676234490339,-2.9864392706735554,-2.4560980790081857,4.465400024590383,train
368,68,3,-0.2157165093824394,-2.793491099941176,-1.5546301905217288,0.6941046124870951,train
8317,17,83,-1.269246474972807,-2.1366080038778867,-3.121856021386028,5.651768109901793,train
6545,45,65,-0.0592653360792836,0.054521688367051,-4.090951558039484,7.936721424792392,train
5059,59,50,-0.8184192354348171,0.9208480196094684,-0.2582543792133299,6.482720519086962,train
4794,94,47,0.7301177551486694,3.002177162530831,5.225192025133516,11.886288753781848,train
928,28,9,-0.3824818931136724,-2.352509211777329,-0.1096087529536247,1.2765474188166364,test
1162,62,11,0.2070970507799844,-3.879457963470916,-1.687764137579015,0.338922450062324,train
1001,1,10,0.6400810700466861,-0.3332202819483073,2.13764171843742,0.5055312023680314,train
1149,49,11,-0.5827451326133151,-0.9008429633104184,-2.780371245462273,5.715930417240007,train
3837,37,38,-5.398900891774634,-4.782091239749294,-3.03837788951908,-6.590272755201228,train
755,55,7,-0.852123479072997,-1.2063426126847536,-2.6632125795540964,4.55651360042682,train
3116,16,31,-3.6407898322254506,-3.010034350491597,-0.1211005170989871,1.1037278089451874,train
2119,19,21,-1.3746890370204072,-3.6074354431492943,0.7210991315978837,3.524119024780932,train
6981,81,69,1.8133806853744223,-3.0324601042944224,1.2282076417400647,14.957860070359075,train
3320,20,33,-4.6447385949212245,-3.9462378029245886,-0.8836481830189262,0.231433704340926,train
6577,77,65,1.1984913908612906,-0.6141580235176857,1.2745091033613911,14.381514917177183,train
712,12,7,1.271826283545386,-1.3326202166384342,2.6174073881136,5.33064497551984,train
9897,97,98,0.5056316285818143,1.478587363809069,2.5481942600782,10.866949781257295,train
9958,58,99,-1.435865808939354,3.609667836300512,-4.005892850707418,7.257949621551909,train
1602,2,16,-0.02215624383021,-0.4487599334732366,1.7091937369213517,-0.7080034671269355,test
4629,29,46,-6.901962281219896,-1.6326666829575096,-3.2489905645292256,-3.5541512432262565,train
5470,70,54,-0.1471687100811985,1.608302045752305,1.7734038874554232,8.824222015794806,train
3951,51,39,-2.638522323960754,-2.813026821760181,-1.6693001512645516,3.901523739899168,train
7501,1,75,-4.569915142308266,-0.0526770946923853,1.04643072666154,1.6380887605038987,train
362,62,3,-0.7806442640932307,-2.730708889425673,-2.153873134844589,0.183691114134028,train
892,92,8,1.2590340978640897,2.1101118238721086,-1.8983872524409484,6.782099837089265,train
7278,78,72,1.8467005786670976,-3.344762597824887,0.409439093544343,13.25386956573364,train
2242,42,22,-1.1706141016354672,-2.968888593343632,-2.508225199290517,-0.3024141408712268,train
3923,23,39,-6.361443741376914,-3.63217734733108,-1.9671365278101896,-1.448780475052251,train
5431,31,54,-5.437587731484261,-0.4579105471468055,-3.8589378184696064,-1.7221399770045744,train
785,85,7,1.211883794264459,0.0270323881974916,-1.1394293929171404,9.951942418104151,train
3651,51,36,-2.226141314315752,-2.9215097670922856,-1.6723908736361732,3.666303483808007,train
1576,76,15,0.9897040986879552,-1.7158913231803858,0.2631869501781124,7.924170883783201,train
413,13,4,1.6042413757990406,-2.3275623321671906,2.6266340454039145,5.562725495478907,train
3412,12,34,-3.937578926500807,-3.415685554144876,-0.0625147256688669,-1.4316801692120855,test
3762,62,37,-1.0955751621699497,0.5770888617756673,0.7547877807446891,2.902809934592356,train
185,85,1,0.9820598291078078,0.4888732286855103,-1.5582411870679198,9.515670910985786,train
4942,42,49,-4.4395105536457145,-2.2350858932246074,-3.36293500001627,0.231106909555165,train
655,55,6,-1.0264234822809188,-1.4034231877916956,-2.700001143100368,4.33697829100991,train
4290,90,42,0.7313149646010375,3.1840075420769387,5.019544316294969,12.75906744996696,train
8452,52,84,-0.3074428977671232,2.8058481649712967,-4.86013215723507,9.705417472058691,test
9825,25,98,0.2659971973681145,-4.103034517900347,-5.002560930745388,1.839846824168018,train
601,1,6,1.0968801122260263,0.2357049831613813,2.4248295688636814,1.2826601539923046,train
4123,23,41,-6.718392665987592,-3.501410214149821,-2.159102222314389,-1.3585460426008602,train
1109,9,11,0.713998449156534,-0.187922423809441,2.509210471422715,3.343411614008289,train
5505,5,55,-5.869313227594595,0.4971388278834185,0.1640471634649019,-0.4698254029034383,train
9949,49,99,-2.223662588268556,3.329701560862411,-5.225330056842277,8.661734072525311,test
9434,34,94,-0.0982216517890886,0.2266332380354332,-5.687593953038888,-0.3120367160514687,test
1372,72,13,0.6304073183874671,-3.012408565375414,-0.316140703565787,3.948680227395307,train
9440,40,94,-1.0988830593790957,1.286480540734351,-5.822034195210648,2.072730696196858,test
4067,67,40,-1.1466583679323674,1.5643973453257567,1.984609254076354,4.262405918930173,test
7870,70,78,1.71777333384154,-0.1877836340787498,-1.5177141573176536,7.860695552624586,train
6449,49,64,0.4518886964724187,0.7486570776406825,-3.505948177211064,10.609437128653974,train
8534,34,85,1.0742174599048633,-1.4807207014236865,-5.500595410382047,-0.1881815039607648,train
7998,98,79,1.8623953071048809,-4.122648645133225,2.079660875536044,8.985991394928906,train
3363,63,33,-0.3848941420834005,0.6449687315494088,0.7795233472692367,2.628395993237846,train
389,89,3,1.034723835069122,1.7620037878272583,-1.9630929204474885,8.041071734507142,train
1363,63,13,0.5230268933411212,-4.116076485192104,-1.3685697493653313,0.1135290935948276,train
1359,59,13,0.450822085440533,-2.306224878792112,-1.890169653402816,2.54096397965678,train
8948,48,89,-1.3098237986161054,3.538841658158194,-5.452855411748244,8.584016932999349,train
8406,6,84,-4.410327181669747,-3.3232600907199137,-0.9766797919029544,-1.6049632056882714,train
7325,25,73,0.5094590725771336,-0.7239132654747602,-3.979819500046786,5.762536296030353,train
100,0,1,1.4376210116983996,0.611354070003276,2.583663822123128,1.7089222844087617,train
1460,60,14,0.6304623322868788,-3.186430156984788,-1.6722616435257307,1.649528386092355,train
2016,16,20,-0.948697753898786,-3.2631642360229463,1.2260877541886723,3.731912451734022,train
9777,77,97,0.5263910059490035,1.4927569276849124,-0.0650532188169095,13.08879516254536,train
8291,91,82,2.170418827292903,-0.9994565492819102,1.4327335458730095,11.769776348044166,train
832,32,8,-0.8396307405849684,-1.5671144823370666,-0.942802380973526,-0.7673382998027825,train
6968,68,69,2.0341165224328206,-0.1077519996128421,-0.8070476554871412,8.022235120353812,train
1501,1,15,0.0823262842131448,-0.3062730071813188,1.690047091001179,-0.3899381851849164,train
9943,43,99,-1.779881648856118,1.2816470527426571,-5.608936208283686,4.358446432639967,test
4388,88,43,0.5502269354438933,3.234936517262951,4.9568188308227175,14.04312241914275,train
7652,52,76,1.0999975057765137,2.0630980356821267,-4.264163683328268,11.103211695925753,train
3657,57,36,-1.3519649288864226,-1.5383604089753116,-0.4400044430309911,3.3796903822847275,train
7803,3,78,-4.619711729968681,-1.2522411331330572,0.366187768396585,0.1401776967743266,train
3903,3,39,-3.5624804826749195,-5.830650530223667,0.0070398148026655,-6.804916162980251,test
1600,0,16,-0.0179659275632384,-0.6043828163094265,1.46189347049118,-0.6132265292670384,train
9401,1,94,-3.843547945489153,-4.991016774870478,-1.671473458161575,-3.984118611148958,train
4944,44,49,-3.9489486948877097,-1.950196357881326,-3.137705529245437,2.208218600611972,train
775,75,7,0.4279145601978898,-0.9528899338480724,-0.8483062483338498,7.030280082709974,train
7272,72,72,1.881495439922196,-1.5121381085753125,-0.5348828418820674,9.584931072045936,test
5355,55,53,-0.6721036139769009,0.4922903368789258,-1.4004127680365213,8.498101322983626,train
6148,48,61,-0.3311053059800518,0.4905186740476098,-3.3840278607822696,9.581989513845922,train
7492,92,74,3.065349968009237,-3.1903705377128846,1.9275119957059668,11.47622224219054,train
2809,9,28,-2.0993712769107566,-2.808743854985857,0.7491060341084855,-1.95895608306729,train
4366,66,43,-1.2874233557180124,2.2061577114006763,1.7451166268750722,4.73968197628661,test
1282,82,12,1.2483039174921835,-0.7000324243993354,-0.2147633966399073,10.6487487334797,train
8923,23,89,0.0579217332450165,-3.3265699715258337,-4.532357505881188,3.4579077055546765,train
7336,36,73,1.0781835738708014,-2.0718652664341253,-4.985128357114474,1.2056750455475391,train
2046,46,20,-0.3051985288275353,-3.151186702615873,-2.5395974976546496,2.8465105644309143,test
4385,85,43,0.2800578734599813,2.5818460897933275,4.7590866725793335,14.90424370113384,train
5556,56,55,-0.0676811156629108,0.5326766846394425,-1.3578461928986505,8.733752414079255,train
1985,85,19,1.906931901345702,1.1984449747073465,1.0663045655607104,11.665672994534471,train
6533,33,65,-1.2375797034451488,-1.3194628902821626,-4.467283812837918,0.5516376837422738,train
7588,88,75,2.765596738316268,-2.4083177004788947,1.4195759046794771,13.657601087533587,train
8672,72,86,0.9555692672421956,-0.2146811990743767,-1.5243550774159982,8.027011237007207,test
8884,84,88,1.443205730664913,0.0722965609771125,0.6657717405219228,14.536864110423048,train
4396,96,43,0.6013985790486286,2.497362849632079,5.20624647013059,10.27508119663158,train
1524,24,15,-0.6082480967386865,-2.971480365484809,0.4230360372823182,3.158796184271393,train
8629,29,86,1.146619684842755,-0.9419908046093028,-5.133080725694216,1.676482345343295,train
725,25,7,0.1454886298785765,-2.8549272397089087,0.5966790250986819,3.5415756256513573,train
145,45,1,-2.2870853330680045,-1.779644352845149,-2.8166750348281853,2.533473442371532,train
7451,51,74,1.218353571428489,2.0943296690129904,-4.204840072464871,11.47919859502988,train
1805,5,18,-0.2674419944262761,-0.5758437468133997,1.767226643869033,-0.5956785756585661,train
9205,5,92,-4.076701341819442,-6.356639644617714,-1.948472531311876,-4.700310404327403,train
4717,17,47,-7.078329633790095,-2.456890034975304,-1.7238665920734113,1.2302162448772045,train
1752,52,17,0.500888116880698,-1.992835463200268,-2.3464747852752383,5.427894015295584,train
6366,66,63,1.6867139614443256,-0.3837351565669474,-0.2812733156022278,7.24217859282062,train
6664,64,66,2.1062244073321943,0.1614608815206605,-1.097476257188052,7.465713541451959,train
7937,37,79,1.339234250784638,-2.5340073720528444,-5.343372892231193,0.7227444117574828,train
9934,34,99,-0.1665449954946494,-1.106030370425449,-5.576423935542443,-0.7112326578751871,train
6769,69,67,1.8496352716702176,-0.1760775284075869,-0.3386608893118925,8.596065731033057,test
6690,90,66,2.7311983099303125,-1.7072718197470858,2.711316691009128,13.815859625814433,train
7455,55,74,1.581890252714241,1.02848475132297,-3.650473578847618,10.24752087418184,train
781,81,7,0.9404037541705308,-0.313654752366505,-0.8687102815614871,10.378960653725736,train
7995,95,79,2.3239954203902946,-3.3871386128278047,1.8661785600157392,9.489640377924909,train
1710,10,17,-0.1771656709738754,-1.126853810455474,1.9702151500403573,2.27890538270344,train
1570,70,15,0.7731552841519079,-3.5718868821547347,-0.2330632884014201,2.308095608574204,test
1065,65,10,0.1344616009223911,-3.675530695458933,-1.4082524721607772,0.020567769453434,train
9672,72,96,0.2038023580982614,1.145463175301495,-1.228258258291213,8.392530714085186,train
1628,28,16,-1.0699277415292852,-3.5519329341920987,-0.4386949746866115,-0.393042400123472,train
8963,63,89,-0.1670714443909201,1.072723276321649,-3.315805282986336,4.315590559274741,test
3548,48,35,-2.6325306067154,-4.049000439382908,-2.160294647945186,2.037270595845822,train
2862,62,28,0.4992263191405463,-0.9423409599919148,0.1448177615094252,2.009997249138634,test
5307,7,53,-6.2239919116855305,-0.1467500096079641,-0.2108685804479588,-0.776759357045369,test
2636,36,26,-2.8175991264623166,-5.37701712351954,-2.287471024259008,-5.956209295431234,train
81,81,0,0.8832921750974966,-0.6200000684768114,-1.271095301565363,9.504623468878536,test
3202,2,32,-2.0205798205237526,-4.366793207320015,0.2563040213603654,-5.760046612476828,train
7023,23,70,-0.6698353360999568,0.3186971244268927,-3.5292710306303405,7.237217177894291,test
1184,84,11,1.3423412648713198,-0.2194864604170333,-0.4908355043093453,10.53875769813851,train
2716,16,27,-2.566409563706557,-3.655500449762613,0.3776616963588156,1.651188617205554,train
5472,72,54,-0.2547559823560219,1.3465231760968868,2.152228189751371,10.19178798761487,test
427,27,4,-0.04090107871828,-1.7470618571262944,0.2006333786360658,2.5247280627435544,train
9718,18,97,-0.9844536555204584,-4.670840832459888,-4.253534925047778,3.3296960834280043,train
7296,96,72,3.2259585385690293,-3.141552505005683,2.481361924249727,10.799803066339908,train
7603,3,76,-4.587007496889582,-0.7364664398027464,0.5476752071010563,0.7336120899548879,test
9761,61,97,-1.0203138817586177,2.898982544121574,-3.549944315959521,5.545193937023037,train
4456,56,44,-1.9369597113688224,-0.6211152371912693,-0.6679513664875848,5.273504941678495,train
8514,14,85,-2.408664030477881,-2.930213675829373,-2.7107150191231764,3.4661074456109464,train
2549,49,25,-0.3237869687408555,-2.770760596731263,-2.2193595365308285,3.990560625344563,train
445,45,4,-1.9262277223466688,-1.6966287536822025,-2.814963867193984,2.96085698965933,train
9878,78,98,0.589707072322523,1.6343889111936,0.2197248156660823,14.006880354510646,train
1506,6,15,0.1203843292443252,-0.7486627689524179,2.1193176264900604,0.4214080222354792,train
4577,77,45,-0.7544144929341765,0.5795751060664174,3.8110011690667926,12.15039885621038,train
1451,51,14,0.0736272413134517,-1.2278951721717852,-2.582075084272511,5.894937795353905,train
4986,86,49,0.1708824248145315,3.165144506066999,4.626736113528329,15.9725321817689,test
2569,69,25,0.9922106348983,-1.355898788423885,1.1164222605203291,3.130294575585111,test
2200,0,22,-0.5674738190419079,-1.6084366960014356,0.867583329055293,-2.414956828059255,test
4881,81,48,-0.4202356166227093,1.494055291780373,4.181537822415056,15.209299872458615,test
9156,56,91,-1.259881689054081,3.0340520621313023,-4.540657894134166,7.557861280484395,train
3066,66,30,0.2761173963731493,-0.4888454574159586,1.1697054065966108,2.24391401268348,train
2318,18,23,-1.7549850634313091,-4.143454441437531,0.6282601365704588,2.7360342136521782,train
8360,60,83,0.539701361681051,0.6886671314332803,-3.642045431896002,5.947884284740892,train
4533,33,45,-6.499148418181992,-1.735177541233216,-3.42315693292988,-5.095949775556657,train
831,31,8,-0.7211290207193615,-1.6426284602315884,-0.7331434263344786,-0.3207078928992468,train
8741,41,87,-0.2580314128523077,1.601361707650517,-5.7301735519906485,3.621481492661201,test
8342,42,83,0.2932876377432772,0.7467065524734811,-5.546136027519834,4.613146736977965,train
1132,32,11,-0.8958939511765073,-2.0467686466628585,-1.0110663038849637,-1.2101249258601323,train
8881,81,88,1.2975775694549645,-0.346364464624978,0.179076575072678,14.12270378888062,test
4888,88,48,0.3799970232747202,3.526367378329605,4.853994647552251,15.132739561663628,train
1726,26,17,-1.0927865545940376,-3.6969062014642793,-0.1163727292810056,0.834638431707917,train
2634,34,26,-3.014793821912692,-5.667402110250481,-2.0933483146269727,-6.387291981776931,train
5573,73,55,-0.1475500504812186,1.4509304777061414,2.199118029543203,11.26655266429314,train
9482,82,94,0.8780240968727369,1.10664736497516,0.6917581946303892,14.982377266460942,test
2775,75,27,1.1318884494961872,-1.500471559833245,2.278088625207795,7.815532895722467,train
567,67,5,-0.2402688101908495,-3.09956979947668,-1.560438852969777,0.3066964174032485,test
9171,71,91,0.3726662917860649,0.0192729797574266,-1.6729160047678384,6.817440472138907,train
9792,92,97,0.8962667355165052,1.3518195432514435,2.246040561430441,11.956881964753569,train
1760,60,17,0.9918701727261146,-3.253169313315325,-1.3765504233101322,1.70833067351926,train
9912,12,99,-1.9849318568200265,-6.348199849222658,-3.659755856472128,-0.334574481803517,train
66,66,0,-0.3986091700758168,-2.779585272689314,-1.7905200041769769,-0.2889961658866795,train
4871,71,48,-0.9667328581040744,1.7958735997643454,2.583057738326437,8.361996181276087,train
3784,84,37,0.9071976455254596,1.722494825237974,4.395840126230207,13.84158794682045,train
2986,86,29,1.9664722516009343,1.5176807394678222,3.2741745524586188,12.304095494396496,train
6642,42,66,-0.2307318735865116,-1.2702335244653045,-4.422637505310491,4.866196756862883,train
5230,30,52,-6.058063597601175,-0.5528229275420041,-3.691901070450485,-1.993829217110207,train
4516,16,45,-6.850402024498393,-2.512032207397776,-1.4541560289106552,0.7145973020679248,train
3284,84,32,1.5628049109080056,1.0188517462980304,3.770042817713263,12.955445166674778,test
5314,14,53,-6.79955896000613,-1.2569652122072987,-1.420866640526441,2.27195183979505,train
7262,62,72,2.1804783627993767,-0.0713952328292199,-2.267667732464884,7.176607327535162,test
788,88,7,1.299535682765387,1.1849032361077825,-1.4671650474799849,8.914114743850995,train
2706,6,27,-1.6182895082498328,-2.02668070221994,0.8538485953270396,-2.98123773952661,train
5926,26,59,-4.364365079081019,-0.4813737863740144,-3.610296156438486,2.5152393425496262,train
665,65,6,-0.310215507650691,-3.472206589110978,-1.710986270600501,-0.2228412695434625,test
4903,3,49,-5.221594494215844,-1.848455570297346,0.1536361600093324,-3.2710910300625047,train
5709,9,57,-6.177956140314482,0.9104260516411667,-0.4805238646103922,1.7509673824845002,train
5893,93,58,2.0468184779997216,0.3617003386107803,4.18312815926764,13.095653088496151,train
7958,58,79,1.1151829219428908,0.668410947757871,-3.6730543678861296,7.727914836068996,test
1906,6,19,-0.4106503513320904,-0.8961169365656629,1.7159537938944531,-0.5703862165584328,train
2209,9,22,-0.9561852971243612,-1.44185190589297,1.4381431204465205,0.1784280576721424,train
7736,36,77,1.4494188485330028,-2.65057877474123,-5.206956325237636,0.6332750930627737,test
1528,28,15,-0.932108510953883,-3.379543603565576,-0.3766107058042476,-0.1007662251837948,train
888,88,8,1.3549023487334746,1.1603283157856432,-1.336863877870865,9.009881058495862,train
2479,79,24,1.6066500850245329,-1.3193020511039872,2.0993826621385456,10.463909594407577,train
4797,97,47,0.7128764585737837,2.738562840829175,5.3249682764737525,11.374914303744426,train
3438,38,34,-4.471788846387161,-5.976897016150615,-2.815900122265137,-6.586770426818858,train
2045,45,20,-0.4703065035874251,-2.938665198785979,-2.5520511807496384,2.290660004713948,train
2743,43,27,-1.8886789373443555,-3.728150685330419,-2.551605671344864,-0.6896932177823292,train
6155,55,61,1.0334300944782244,0.0133644379809318,-2.1799264612192872,9.977603833046349,train
2313,13,23,-1.3737937373485074,-2.6916646974255825,1.1539606692518458,1.8853715871207992,train
2068,68,20,1.1124414029415228,-1.989351200629229,0.2335059660357334,2.222435087754186,train
2496,96,24,1.5070883651261746,2.2799273677130536,1.4636401816689817,6.859609588684709,test
3206,6,32,-2.594170323136985,-4.616000931879286,0.3812595994427621,-5.217096076063341,train
9016,16,90,-1.9045719266038823,-4.926456715280821,-3.527725983374336,2.682354326725889,train
6709,9,67,-4.58646423931215,0.5019446582167387,-0.4267789694445351,3.52609548327587,train
3121,21,31,-4.175676095139097,-4.713488897414521,-0.7838022037083824,-0.1489791722609705,train
9959,59,99,-1.2887541207262037,3.484812450309388,-3.827105709821653,6.786825018787549,train
2909,9,29,-2.316378601918003,-3.0873717764700177,0.6387043361513387,-2.3112693781321787,train
7879,79,78,1.9455811678450528,-3.571880399586589,-0.0122193428473528,12.919652876713789,train
1679,79,16,1.2769147717782832,-1.2942707887174014,0.538244675308619,9.98004180127908,train
6650,50,66,0.9134429946851568,0.9705270943134244,-3.552747908483982,11.195051958872703,train
4993,93,49,0.8198641775389871,2.906676012633941,5.107721800655034,12.627368080939682,train
4020,20,40,-6.380117244055372,-2.568228514551467,-1.6440624955265233,0.3913548785974718,train
3378,78,33,0.7602989664445551,0.4922623930918108,3.463430467254355,11.413688313091413,test
7299,99,72,2.9917123978062388,-3.3115125394551206,2.705863860339025,11.10970230836391,train
674,74,6,0.3234320974015082,-1.0286972252410298,-0.972926219538304,6.123788678124295,train
9295,95,92,0.6079200531726717,1.775768702060113,2.093053496041199,10.723075732482164,train
4383,83,43,0.053937657735624,2.28792803352729,4.5879692371523975,15.043649631216722,train
4697,97,46,0.6414280963977275,2.629898916359295,5.322471117163564,11.057909635496785,train
9605,5,96,-3.495469359087892,-7.053652925237468,-2.5130038419284766,-5.1580169189003175,test
1298,98,12,0.8351718509230305,2.702911018629615,-2.1274490284836207,5.434162319857172,train
5324,24,53,-6.421320028802597,-0.5649251778429506,-3.105599443885711,1.8299602567878728,train
2342,42,23,-1.3162221404943155,-3.070109126371681,-2.515845551657228,-0.5159174780469966,train
3090,90,30,1.9252880447091667,2.3424739664427983,3.4182580620832974,10.57688290854447,train
4654,54,46,-2.0739359090986045,-0.722272257797717,-1.194033671921202,6.195194785178817,test
6565,65,65,1.9759801811311843,0.0184835139168622,-0.7657393421431411,7.400588762222682,train
620,20,6,0.8750749494814869,-2.3442084347333454,1.6228941030937554,6.792508656900797,test
7064,64,70,2.23748163214607,0.8869938909986206,-1.6556648810325774,7.643626795889133,train
4407,7,44,-5.413647446991041,-4.286633724107732,-0.2707561794134094,-4.76333441949868,train
6479,79,64,1.110304528787704,-0.4245726395304426,1.723140191055584,15.648219787818958,train
6603,3,66,-4.855141821513343,0.5687169904000218,0.8903674983467847,1.7113974710419078,train
8330,30,83,1.518595158415993,-1.438403620015427,-5.100330580481276,1.3902269155266778,train
3361,61,33,-0.4893563036724387,0.551239300251771,0.329614559818653,2.975563774030716,test
8208,8,82,-4.036567468302791,-2.2644535419530296,-1.1505772757077413,0.3239759193528049,train
6793,93,67,3.1886745855174867,-1.9002840129993968,2.852040373003315,12.486192792111993,test
1345,45,13,-0.6671618476843666,-1.7508971165115554,-2.68484319981345,3.4126528832246,train
7457,57,74,1.755393891755144,0.406706947206249,-3.341036314304457,9.099255217414496,train
8838,38,88,0.0471628673945032,0.3936242882088421,-5.752257526437735,1.1048303471858798,train
5190,90,51,0.7326818768855442,2.7344175845734804,4.7807965387930365,14.311909399871862,train
972,72,9,0.3069062321412134,-2.334072168513593,-0.8085630751880811,4.041999707018595,train
5796,96,57,2.1646232335528124,1.284860977497528,4.534625430043716,12.924231465636607,train
6113,13,61,-5.370627554894355,1.6828072913126262,-1.283782392586054,5.513989760495017,train
4302,2,43,-4.110223268471852,-4.806023093454857,0.0214276706976922,-5.815028374273743,train
769,69,7,0.0062290332434528,-3.1114607048118765,-1.238847309216924,1.3903494485622492,train
7670,70,76,1.8561477414997567,-0.6448950028593717,-1.332238710648341,7.97133538989062,test
7811,11,78,-3.211109172728019,-0.7837420222335761,-1.4284169144106014,3.814216378962977,train
4780,80,47,-0.5173753947048337,1.387768891058899,4.124638276508195,14.650289564052546,train
6670,70,66,1.6822740988388978,-0.276526083156974,-0.0123033370214314,9.16917620029271,train
1021,21,10,0.3508590401463767,-2.418298631905827,1.2996669484448264,6.048115571168918,test
6138,38,61,-2.17859321878598,-1.4476306638015737,-4.306087287480396,0.8305621546278203,train
7855,55,78,1.042822037801122,1.2629644984407244,-4.037546834786013,9.55956280858069,train
3433,33,34,-5.121147263238037,-5.457473545242824,-2.602996233276241,-7.543118209055028,train
3563,63,35,-0.738544454304865,0.5809912498897198,0.901326968479344,2.645276515172829,train
333,33,3,-1.0688048498263074,-1.1797171811014742,-1.1048792468069746,-1.0592435329386405,test
893,93,8,1.1890665114599566,2.4315480074523785,-2.0568354076809747,6.3487961744587045,train
6728,28,67,-0.9008763917611148,-0.7574104290102138,-4.142615109686649,3.233531776839164,train
2815,15,28,-2.721955622310503,-3.433861437595421,0.359478641277189,1.199202136803335,train
3435,35,34,-4.9097663029886816,-5.810588128230172,-2.727902068970564,-7.674145503509452,train
2887,87,28,2.0598959967672745,1.686350685998108,3.0605792313716425,11.811113244572669,train
9144,44,91,-1.3290040350438803,2.096094105729886,-5.73214933941837,5.368527642793237,train
1813,13,18,-0.4199402015594448,-1.7946849524984605,1.7241680373486106,3.683989215231709,train
5464,64,54,0.1510448482455053,1.3415232075392618,0.51973911675301,6.55937031473558,train
4294,94,42,0.7182632622477757,2.6779533402733606,5.121374240910247,10.590789535268527,test
8265,65,82,1.0906119039010218,-0.1697788593231052,-2.7053303809900826,4.9018796755180185,train
8304,4,83,-4.625536620393683,-2.915095930404954,-0.4364480804763488,-1.6800686476034574,train
4178,78,41,-0.3506390481474015,1.342138265256096,4.006022381941713,12.648978683290064,train
7920,20,79,-0.1276908273790692,-0.5091070417195581,-3.41858700875463,7.473705971346099,train
7809,9,78,-3.751320256614548,-0.8841241346471584,-0.9715495377437336,2.393084346861438,test
3213,13,32,-3.5414185328839904,-3.111938679215559,0.0679132859470393,-0.3937867985013166,train
3078,78,30,1.1411554024098034,-0.1848816426168663,3.062479369063803,10.86671912378706,train
2903,3,29,-1.652067452048237,-2.9112106357516807,0.5331503483183129,-4.601178224052076,train
6304,4,63,-5.172518380441039,0.8096551083263862,0.6363917470527145,1.4110143611559216,test
4142,42,41,-4.762355078612717,-4.900181666940928,-2.983786341914795,-2.78193125468126,train
191,91,1,0.7311131286888531,1.475685815949975,-2.33986492826697,6.1389353983878205,train
3094,94,30,1.6126597402769178,2.135477372006956,3.239513872297469,8.24003500313303,train
692,92,6,1.11377932890568,2.456929070946896,-2.159791411193514,6.72230286050085,test
3285,85,32,1.6418371014121864,0.9706512232383756,3.803197448746126,12.668652386025936,train
9881,81,98,0.7472912747445027,1.8751057701231508,0.8166430527698022,15.570411591492046,train
8122,22,81,0.4538941184898221,-0.6782787647910674,-3.9033258543946943,6.618409848409513,train
8347,47,83,-0.131182723561072,2.4010392890364893,-5.290916020796439,8.700310476216277,train
3427,27,34,-5.339791688542616,-5.109986897776912,-1.9760159816551068,-4.551773153694942,train
2773,73,27,0.9860461221348236,-1.572460371975084,2.020955007853442,6.072405431327382,train
2990,90,29,1.9891197897983688,2.396181022942947,3.1999071494505795,10.490622762623683,train
3868,68,38,-0.9030415582446292,0.7795660739853403,2.157779198143243,4.079829913179903,train
3684,84,36,1.047145703945058,1.472239130063531,4.297525832945984,13.59415301086332,train
2208,8,22,-0.9109126090300984,-1.0080911073602592,1.4391043189387218,-0.2319863008002999,train
4202,2,42,-3.927809022418153,-5.142307742483156,0.0066633615920927,-6.117156071386162,train
2370,70,23,1.1147524116879952,-1.2519335064561017,0.9799230628163657,3.823588870717764,train
7658,58,76,1.5899341810859478,0.4255300180150428,-3.3916339600012755,8.267319029580417,train
9537,37,95,-0.6451839404705929,0.415505696045808,-5.7826517947251,0.1762782397540085,train
9236,36,92,-0.2089836162164083,0.6871468719922527,-5.767484193904095,0.1553253708629163,train
131,31,1,-0.7822866507695425,-1.80158026312369,-0.6813644316574134,-0.6811427046919154,test
4380,80,43,-0.3083757602405463,1.8207324130213856,4.267024271666559,14.23145546141732,test
9911,11,99,-2.177218875844644,-6.276858898499938,-3.547962876587793,-1.0287549857523413,train
3681,81,36,0.7053888051036078,1.223827585579118,4.077633308745109,13.374188689460748,train
9946,46,99,-2.1086983366335854,2.5133431616301785,-5.460688658455272,6.951950389752168,test
8171,71,81,1.4593421742730526,-0.268930467601322,-1.5511299814060486,8.000184282124101,train
8165,65,81,1.242971216015863,-0.0448929520129796,-2.641018876740629,5.184090329519869,train
3505,5,35,-3.0893458513925616,-5.675392242570873,0.1626648112632651,-6.413553473826855,train
5028,28,50,-6.639965999503402,-0.4395275391948813,-3.4158747698671714,-1.4387335333537523,test
1556,56,15,0.6194329429794838,-1.872894554874948,-2.085191277225391,4.320261885188643,test
777,77,7,0.5964276196278387,-0.7440687417920294,-0.804356455095094,8.55806389373094,train
9538,38,95,-0.8231600240291977,0.6810142651644081,-5.799943132943856,0.6961271396506694,train
7975,75,79,1.726296866257936,-3.186762421061529,-0.7271301816118577,10.154836166003976,train
1874,74,18,1.1054200280647384,-2.067353155532266,0.6369574993572759,6.352388428199168,train
32,32,0,-1.0019428738855525,-1.9945287833721488,-0.8971526318208188,-1.430555379802868,train
5399,99,53,1.5289410120646216,2.2807466999552326,5.12856328797063,13.10426612891061,train
5534,34,55,-4.732813539430732,-0.6098074697705712,-4.022007425778912,-1.8806158456720208,train
201,1,2,1.461909508923288,0.7084722626417335,2.633256953276297,1.659314629635661,test
1354,54,13,0.1835818583144435,-0.8298866964452882,-2.4254963962666705,5.605349049857387,train
5228,28,52,-6.277769660337553,0.1510039227938035,-3.526183798994292,-0.5655992759633195,train
2164,64,21,1.1653829470975534,-1.895050785320944,-0.2746368352016231,1.4219588209156184,train
8049,49,80,0.3761040766821909,2.073589009378088,-4.927962323764406,9.954251721530916,train
1192,92,11,1.449848758176494,1.983729854565093,-1.3862500001750524,7.053710550975023,train
7405,5,74,-4.46277186376018,-0.5180198458718265,0.2482392078576526,1.2604221917881375,train
2241,41,22,-1.3339102752172107,-3.0106027604004586,-2.473366637448505,-1.102286708328751,train
9013,13,90,-2.7833972109083454,-5.578422557514007,-3.026189012655484,0.6462727018332606,test
4852,52,48,-2.19031278287696,-0.2887076533422859,-1.7184107933887842,7.078483842322299,train
2571,71,25,1.044448994936896,-1.1868513959036155,1.4319275097576074,4.6081117039109785,train
3006,6,30,-2.181046704525275,-3.181260389482062,0.5582730126383063,-4.147153899513084,train
1911,11,19,-0.524234088392512,-1.5601585614826086,1.7281126461122758,2.2492534512934843,train
9001,1,90,-4.347434279728231,-4.530581647933238,-0.985785054550156,-3.4142612733370834,test
1891,91,18,1.8889141704947567,2.4763954722621824,0.34788737400186,8.697458633501777,train
2871,71,28,0.7657090284999097,-0.8529454213751375,1.860650045795201,4.819048660639369,train
3929,29,39,-6.382501583897424,-4.2676134511701305,-2.689846561656149,-5.676200660069934,train
2420,20,24,-2.1687954927877486,-4.038851684431365,0.2237100392310737,2.2651335071699368,test
1019,19,10,0.5319299551625938,-1.5508759292677468,1.6497070216148957,7.089099369786849,train
1562,62,15,0.7890421032914416,-3.690241351705444,-1.296748901524704,0.683532710292932,train
9571,71,95,0.1441746511068468,0.8368436693067522,-1.5075602362412148,7.281230362346434,train
1745,45,17,-0.4085863188288914,-2.8367412628525184,-2.605707289107161,2.635065219872513,train
1792,92,17,1.7819939138741874,2.5843632446629914,-0.0231919568354401,8.01038058762127,train
4185,85,41,0.4855325375458796,2.452528377951415,4.717685025151608,14.529857117251542,train
5234,34,52,-5.509848291774145,-0.9019771015579856,-3.8649698060558624,-2.9468396241860755,train
5733,33,57,-4.242297342463568,-0.8223306679847688,-4.095883158942505,-1.3823733281927284,test
7104,4,71,-4.601531121902982,0.2974212911196685,0.6175551962355081,1.7395639039535342,train
1067,67,10,0.1871751684042337,-3.554425794236698,-1.1759986247454013,0.4859208891165409,train
931,31,9,-0.7410457738388802,-1.938092189992156,-0.7542497504764015,-0.5285960329438772,train
3647,47,36,-3.0295405345597515,-4.4733594127997245,-2.3026482383533087,1.2268124140359964,train
8338,38,83,0.8404035199063755,-1.1717835079451628,-5.565619636690065,1.1588105848444998,train
6872,72,68,1.6978641433128991,-1.0216284341585626,0.0225873484298565,10.174605714969989,train
3535,35,35,-5.1307774137999305,-5.494659702082536,-2.797487525328749,-7.578826749245159,test
2352,52,23,0.4212325126003472,-2.5215189944190586,-1.9872816570068568,4.779918283128853,train
6502,2,65,-4.828586097451415,0.8795843323908964,1.0710661391712544,1.9343001763686165,train
5669,69,56,0.2741833083523414,1.1338299623943546,1.3160396315564336,8.330063357745098,train
5617,17,56,-6.247634060444587,-0.7200561872270268,-2.0397152721489955,4.368796433424479,train
8771,71,87,0.779910275480445,-0.2390313631039012,-1.7261827461711745,7.035069744583602,train
233,33,2,-1.1053554874170737,-1.3302169293368369,-1.1032792733939776,-1.23001902490189,train
9095,95,90,0.7201504541377431,0.8804633883024998,1.9783789997346013,10.25991324062906,train
9625,25,96,0.1391904120729712,-4.549646124602427,-4.999451893256955,1.4111553320433634,train
2089,89,20,2.0442155955633927,1.971485784123559,1.0481344671315551,9.966038930235117,train
4269,69,42,-1.164256148749271,2.058689106590591,2.4245690422166746,5.898868286796608,test
9441,41,94,-1.2655586703368111,1.2775924206272462,-5.812841499324195,2.698193704344493,train
6827,27,68,-0.6509158385435364,-0.8047770656783108,-4.0593123996608025,4.000866769646926,train
7665,65,76,1.8874718839280744,0.7384036701120956,-2.206217319303016,6.666572314955616,train
2987,87,29,2.002580557175712,1.576751679423442,3.269867869470963,11.848852485828576,train
7685,85,76,2.46746433688427,-1.8637370342288648,0.977741767466437,14.917789986122774,train
7794,94,77,2.723698919386467,-3.6489779776621183,1.884989546469088,9.98649950242083,train
9957,57,99,-1.5781091788153687,3.73322152844646,-4.176849554070484,7.739966219609351,test
4610,10,46,-6.265218199898978,-2.5942743072666308,-0.643301566663228,-2.071366943126847,train
2751,51,27,-0.3362523098936776,-3.00927392161784,-1.912267393422853,4.09282966826896,train
4435,35,44,-6.217650599075601,-1.9879259093258888,-3.403906852720717,-5.247974048096415,train
1144,44,11,-0.9740663327733948,-1.423018222054847,-2.6718425438983195,2.9328121085231995,train
3822,22,38,-6.096249588424688,-3.4316605981935875,-1.726711600015378,-0.7814308801136578,train
520,20,5,0.9613106250884752,-2.512944922398732,1.6422875944545283,6.728850070749464,train
5007,7,50,-6.148919166722036,-1.254841951709535,-0.2690295199323752,-2.085649865588336,train
9308,8,93,-3.640074853880889,-7.250133308619365,-2.5531612923527223,-3.919460489997431,train
3366,66,33,-0.250374487195232,0.3051616856897758,1.4395465498586324,2.6970528716834763,train
1766,66,17,0.968073701154002,-2.8956308063841827,-0.4780941692116327,0.9841556266961328,train
143,43,1,-2.250588932610596,-1.749072427752164,-2.658561208320841,1.306851527573044,train
3262,62,32,-0.2435643663218613,0.3441878382840991,0.4857416657969563,2.6145987141796736,test
2026,26,20,-1.6653118950728223,-4.40108230998665,-0.3664350954919443,-0.2828342869126525,train
4027,27,40,-6.597831039160038,-4.66913247856681,-2.5694213689384817,-4.627217416326536,train
2111,11,21,-0.8725221181278093,-1.833091063351795,1.5034587972105515,1.5885026569415657,test
5667,67,56,0.4173244653235231,1.0661435230520313,0.9150072716098708,7.352046638608898,test
651,51,6,-1.3336437678463375,-1.3483180280133906,-2.8954207759472776,5.2940502638344125,train
7583,83,75,2.2891012469314784,-2.54220416984085,0.7974144062322505,14.933227053611333,train
129,29,1,-0.3993288385348031,-2.0173682917243085,-0.2426687030739997,0.5535128500630804,test
4649,49,46,-3.083693086688655,-1.728143400155331,-2.217837875220253,5.081596941180123,test
7470,70,74,1.942130570800087,-0.7791780641561074,-1.1156801915071968,8.22299918667149,test
6391,91,63,2.534012743559468,-1.1211170709144067,3.262984626269908,13.597664593278434,train
1229,29,12,-0.6961390695945853,-2.579480391129817,-0.4301256671645302,0.0963307684717973,train
689,89,6,1.2371442939896111,1.7680455654339111,-1.7137579134641958,8.431001166541922,train
4617,17,46,-7.017216217383545,-2.3883995653044927,-1.6674797061729087,1.1111637717595535,train
5499,99,54,1.7163859815224167,2.2547252796036643,5.04180096360414,13.336259869249457,train
6046,46,60,-1.000419667912425,0.1637966451471831,-3.580644534776126,7.931145142361022,test
6923,23,69,-0.9799054420143102,0.177879479982558,-3.4922788692309967,7.042568910748833,train
9084,84,90,1.2495696971876935,0.3393104147183378,0.7637235426241099,14.557244892980894,train
6290,90,62,2.2390578808669126,-0.9864273233025348,3.3238949178743136,14.043496485108118,train
5790,90,57,1.473074670524922,0.4749053732338634,4.07640094087547,14.218205595963616,train
5351,51,53,-1.460352775386775,-0.2313494761741091,-2.22874703250845,8.365976226604717,train
2145,45,21,-0.5442511314338814,-2.8323478413924006,-2.536390506172544,2.2297522995638737,train
2979,79,29,1.352694329087911,-0.3408233190302857,2.995901936285684,11.27335948235281,train
6657,57,66,1.9058688004530344,0.3737216035598473,-2.396459931760432,9.82326846721102,train
8420,20,84,-0.3169158342706838,-2.091406765185736,-3.751054600602882,5.794681305153498,train
5522,22,55,-6.105937120370829,-0.9274974418689448,-2.890432859096173,3.258172371347364,test
6659,59,66,2.062285082734385,0.4013993707064188,-2.0307508909932124,8.973183330192256,test
5779,79,57,0.1162793394050423,0.8934181574804904,2.85252949800361,15.68597669955265,train
8723,23,87,0.2425035390350344,-2.800477500472625,-4.423712615008108,4.035666924668197,train
2264,64,22,1.148486763998113,-1.6895315044946997,-0.1490158760136937,1.5226477179447386,train
4172,72,41,-0.9355648191285189,1.5165330014150096,3.0305669781033715,7.772628169524581,test
2722,22,27,-3.134946488049341,-4.188715901957076,-0.4438844973250852,0.6114205919434603,train
1996,96,19,1.4279511438791124,2.807705506021738,0.0055206712937574,6.540020311122442,test
805,5,8,1.034370766579198,0.2005468296376623,2.619039079019788,1.7046151126590994,test
1154,54,11,-0.1709856519398246,-0.657826516064315,-2.5439879396845493,5.58747218020332,train
6625,25,66,-1.6932207866206497,-0.533921283563317,-3.709595580914384,5.028937224593296,test
1404,4,14,0.2264617066903463,-0.4977327572486771,2.0881777234106527,-0.0102793803599321,train
1561,61,15,0.782601675509081,-3.430029005267996,-1.4378700271369893,1.1541956698780371,train
3879,79,38,0.1576542836598883,1.692893813550047,4.022426804486896,13.065296160724312,train
5516,16,55,-6.501080616352005,-0.873969967391632,-1.8299771220121968,3.773168043192124,train
517,17,5,1.2649752704051924,-2.014055224878808,2.135596903416043,7.252970882376002,train
2967,67,29,0.4702408964853609,-0.7375926870387111,1.2632556277299405,2.4429291117491774,train
4495,95,44,0.6457233903809588,2.8690499627893,5.234735379975639,10.864568486164607,test
6314,14,63,-4.7415992448401285,1.7545967722974756,-1.5177006456829587,6.558216844319969,train
9357,57,93,-1.3708829003947651,3.108807227244536,-4.377307044944384,7.058582887574096,train
7510,10,75,-3.560186938688783,-0.1962050608982918,-0.9757909755224704,3.8062531617214734,train
8603,3,86,-4.630819488172305,-4.045574542088613,-0.6755808809077583,-2.895984712183016,train
1273,73,12,0.5849016853143633,-2.480874821546849,-0.3742781346377417,4.967791554775191,test
461,61,4,-0.794950990732466,-2.61039332938651,-2.2282582770057866,0.6778331475832129,train
5154,54,51,-1.2716109033299252,0.3328314976705347,-1.46867410632347,8.08957661220523,train
1743,43,17,-0.6735840768257312,-2.972322189555236,-2.5479814783621726,1.1116203068317234,train
3382,82,33,1.2427024381208942,0.6969679000958596,3.812501963176273,12.98313126844188,test
5971,71,59,0.63790082700882,1.1789264125201335,1.258155530202392,10.181265662325815,train
8644,44,86,-0.469414661695035,2.201461424733965,-5.610405508154933,6.190467540289872,train
7578,78,75,1.930281317981516,-3.5997678170396177,0.0793431257188147,12.767715613053303,test
5460,60,54,0.0968493048809497,0.9530919548935493,-0.3746559686697949,7.180897275145667,train
9849,49,98,-2.217295203166941,3.3683209335600965,-5.274139825017332,8.561457957815398,train
8666,66,86,0.5505363631468405,-0.8621902104509555,-2.6913676780674933,3.9554825449958217,train
5561,61,55,0.3602807375004195,0.8237519647780989,-0.2552915470419091,7.020310063894048,train
2143,43,21,-0.8846244920205216,-2.8698388756790187,-2.5289478828081022,0.6907688562390186,train
7612,12,76,-2.9549238890516563,-0.3932346040932011,-1.50873126202445,4.9801727624888965,test
1558,58,15,0.7145662176955944,-2.387619596630856,-1.842762907909207,3.077268550400034,train
5925,25,59,-4.4871267111738815,-0.5535502051309164,-3.478022498270952,3.1031402016944245,test
5876,76,58,0.2087511208226938,1.619134512351592,2.255364149465397,14.29731813638912,train
166,66,1,-0.4158934074264013,-2.907888834829751,-1.7854330186855334,-0.2572360231166333,train
1702,2,17,-0.129733431316092,-0.6077532179050019,1.6099459216987255,-1.0099632749959055,train
8892,92,88,1.2976839100278736,0.5034800605932397,1.6513663046812035,11.298150730206231,test
4091,91,40,0.9144136760068804,2.500565194566749,4.927819785489675,11.480223451668314,train
8367,67,83,1.0542912173553678,-0.160853848188354,-2.3924388870088005,5.223770595026951,train
6922,22,69,-1.1970420422062342,0.3707120199868823,-3.3154700948113254,7.580106170610865,train
5266,66,52,-0.304382333334873,1.845479094286632,1.1736543091829472,6.587921266398231,test
4747,47,47,-3.4588876979406176,-1.6715790484455502,-2.606537537947452,4.242839855496484,train
701,1,7,0.986547234011597,0.2839204582742463,2.36006754691879,1.2215598881845269,train
5734,34,57,-4.104374754493534,-0.9566372084383123,-4.121999612485449,-1.4511481485213462,train
4236,36,42,-5.993575470831756,-3.0401462553763503,-3.2832815188166826,-5.801188997148774,train
1645,45,16,-0.4396894319959252,-2.505264957393104,-2.625134613463401,2.885562157310483,train
3593,93,35,1.315881835998383,1.9185727161957429,4.306167956789487,9.30518122827336,train
7819,19,78,-0.4811035260501012,-0.6700005219177587,-3.162381272464653,7.556565357138274,train
5558,58,55,0.1713120985841739,0.8556539946168227,-0.9209816104569172,8.15141083942546,train
213,13,2,1.7938479964228946,-2.4339095519260003,2.6499887970588807,5.476224742301289,train
5834,34,58,-3.763704667048588,-1.371322067348646,-4.170981809574253,-1.371488552178857,test
3315,15,33,-4.070561733546403,-2.73753460840578,-0.2458246851171173,0.5775956792882742,train
793,93,7,1.115889313653858,2.5791790068010414,-2.1981243643844053,6.304695799389138,train
1051,51,10,-0.5929742304289366,-0.602840835405268,-2.7652733075861904,6.067474050865283,train
5527,27,55,-5.616138004598556,0.3462553746208104,-3.568741984995821,1.0623970830521436,train
4264,64,42,-1.3587546332156413,1.6134265025608625,1.2925915694969523,3.927790695212534,train
5524,24,55,-5.922010734663439,-0.4624560390145878,-3.1909606078545503,2.4900579799237708,train
1044,44,10,-1.1005983385800786,-1.2450351051447015,-2.686022738894952,3.012208818983669,train
5784,84,57,0.5788276654089503,1.0516628316232275,3.481397822251381,16.704537046388836,train
4578,78,45,-0.6604009086969942,0.8420624274850821,3.956792817829119,12.977000579493756,train
9105,5,91,-4.186415341180036,-6.128357638718401,-1.7994111125550245,-4.496713929708081,test
9447,47,94,-1.9485928040408365,2.9375247556945103,-5.554848631373169,7.403397178387994,test
6826,26,68,-0.7888444846442635,-0.7982442594537731,-3.925114555117137,4.638115373960948,train
6414,14,64,-4.475719852865613,1.7877162031113198,-1.5299675609142127,6.790020181064627,test
7777,77,77,1.8732226212605247,-3.774062372974375,-0.2534270279577367,11.72149999624045,train
9193,93,91,0.9198092037895524,1.4980309833130472,1.897771006526464,11.237678644885936,train
7728,28,77,1.5238776448977454,-1.35454091926586,-4.5833107163677225,3.4046835545582232,train
5546,46,55,-2.2317030855283155,-0.6149189794823946,-3.2195965304207803,6.26999594892934,train
9303,3,93,-4.0212774590445965,-5.799549025643424,-1.79562826138312,-4.699691150897238,train
4856,56,48,-1.501597395659633,0.5012025062910028,-0.8333443134340612,6.844971555861692,train
9856,56,98,-1.721971243402208,3.6666296240935385,-4.390239848277181,7.974696046118911,train
3746,46,37,-3.4146507353778657,-4.8911704360815165,-2.4444265121733,0.3321484342618479,test
6378,78,63,0.9423962564775856,0.3948218578636568,1.7450256997710945,15.499619821412931,train
463,63,4,-0.6200111908501061,-3.205339729585346,-2.019082621859855,-0.1852433932142996,test
9814,14,98,-1.7499841291531777,-5.676063496912465,-3.830156543993109,1.2556139961538415,train
4376,76,43,-0.7446100512515196,0.7131234872853931,3.713109077576719,11.127348141181171,train
5552,52,55,-0.7886011761710222,-0.2684289247348588,-2.186326044854306,8.986743120823643,train
5551,51,55,-1.009125476322423,-0.41420414814411,-2.3792733652971214,8.802214007707127,train
3124,24,31,-4.410610016429561,-4.67734079605698,-1.2247124868433377,-1.7392518981176384,train
5686,86,56,0.7288541477368102,1.1212051115550303,3.842156124975172,16.126165067312797,train
1878,78,18,1.3387139022051284,-1.6298588506543834,0.8875875386835621,9.440731983391746,train
2570,70,25,1.0143664761064664,-1.059683002443384,1.2782418937156164,3.942706101602502,test
4390,90,43,0.6620973001812415,3.2846748288632512,5.053279598092927,12.996179756546852,test
9657,57,96,-1.5607630763560465,3.252767136562575,-4.309453638423467,7.171479053702496,train
4566,66,45,-1.221802215773124,2.444892536736577,1.6847150020657091,5.266171646178405,test
1626,26,16,-0.9284024998472382,-3.611210949449701,-0.0424502118852925,1.1039483673291133,train
5042,42,50,-4.283050300427247,-2.032705335727606,-3.416203598635922,0.6079473718367456,test
5892,92,58,1.917557891151803,0.2851557452787376,4.103118901123483,13.405376997535878,train
8097,97,80,1.8470692516842984,-3.5561252693008663,1.9749176380450617,9.001225226551572,train
357,57,3,-1.2754218045559922,-2.249556464039239,-2.6265023716583564,2.590257192925608,test
176,76,1,0.5554622730248436,-0.5808725577160007,-1.1669653958282715,7.46014979174985,train
390,90,3,0.9898805545856588,1.936802998952844,-2.1074952555456363,7.414844303261725,train
2379,79,23,1.607735764408181,-1.4721595018831164,1.905249628219159,10.323818778630562,test
6982,82,69,1.905429351986864,-3.0165408632843103,1.360534457010031,15.156940467564263,train
3155,55,31,-0.5996098163019248,-1.7894705403354465,-1.062500104563076,3.973735836316853,train
172,72,1,0.2019301015497537,-1.1095325647924454,-1.3092214858501,4.051330404699922,train
3338,38,33,-4.24500188420964,-5.885552756726892,-2.763356573749874,-6.451793345882781,train
1510,10,15,0.1291333078424587,-1.0234124574284509,2.1645420986674337,2.798860140129688,train
3318,18,33,-4.432402345012186,-3.147857102138673,-0.611092070681306,0.9330630733947975,train
5946,46,59,-1.2458031943103112,0.0805334295703931,-3.5046202144707888,7.665541563441135,test
9683,83,96,0.8536291705320911,1.513992724891614,1.0184006886712471,15.4121921324847,train
8893,93,88,1.191403625170474,0.0299746226653101,1.737939594139981,10.586456402220955,train
1369,69,13,0.5590243841485248,-3.910472439596661,-0.6136167526517372,1.3974909087581748,test
196,96,1,0.1249976053373188,1.1070758384585502,-3.1864937110396703,3.2768493600388098,test
9253,53,92,-1.6587233012736546,3.826256534658671,-4.963150802927669,8.839331092100888,train
1320,20,13,0.0369759526203796,-1.721847152906654,1.3027533651734275,6.295289924529895,train
4560,60,45,-1.458617555141885,0.4789301592921355,0.2566257645363517,4.618320437966984,train
5206,6,52,-6.052844172026368,-0.3778519414405277,-0.0882406690327054,-1.4780784138268912,train
259,59,2,-1.1603906217991051,-2.2806500710747493,-2.467383147065536,1.470263814481128,test
193,93,1,0.5282204956564208,1.3599967036479097,-2.665272090385608,4.753478248353782,train
4298,98,42,0.4564374907762535,1.883496416815747,5.146673949657747,9.74361652749473,test
2129,29,21,-2.003714908595659,-4.68053844780816,-0.9922726450235724,-2.8574607487303925,train
8563,63,85,0.45194048228161,-0.1571754915936423,-3.218833091397068,4.283118714849955,train
3799,99,37,0.4736431159973887,2.364255105926977,4.481033241511884,9.046477895829462,train
3649,49,36,-2.611974236809233,-3.865956884967389,-2.0111132704018613,2.603251065184903,train
6665,65,66,2.0605903519296023,0.001953681387329,-0.9118147836498924,7.396404033799158,train
6183,83,61,1.016703473865234,0.1087910894258136,2.733721951512585,16.738730686365862,train
8592,92,85,1.680658341212989,-0.3162965716698175,1.5512684191164834,11.185393908584286,train
3199,99,31,0.7913880799474862,2.4759857364612894,3.163840592236145,7.946136382277706,train
4681,81,46,-0.3819246409112182,1.790246421789777,4.301899490282891,15.021300504627394,test
9375,75,93,0.5197055451349898,1.0915833593012747,-0.7451602025302152,10.950780437371748,train
437,37,4,-1.5490912716484804,-0.666936668273734,-1.86464133738564,-0.8392258827828294,train
7697,97,76,2.6047425669853137,-4.521839462297302,2.191881484075305,9.32281110081837,train
6483,83,64,1.4417475670651063,-0.864304712850185,2.246610291735601,16.409428327307978,test
2237,37,22,-1.8750986062740784,-4.186043213140603,-2.189956906386155,-4.159763114724508,test
6910,10,69,-4.135405208591123,0.5399483997346445,-0.7011300566942323,4.326630621370672,train
9448,48,94,-1.990068928290452,2.961806559468928,-5.477571983059896,7.83958804794854,train
5329,29,53,-5.940760466823589,0.1044281780819562,-3.666957838020108,-0.8557994017780794,test
9636,36,96,-0.5179026511736239,0.1335596204728948,-5.739177024037942,-0.2027109996991738,train
3791,91,37,1.2162016059610068,2.0734249556138007,4.61810043232142,10.757655632977816,train
3509,9,35,-3.747045172233188,-4.693657515043265,0.0507598176839723,-4.06995312742986,train
4955,55,49,-1.4834902972780295,0.4587962019273108,-1.1187906564364554,7.387930964383709,train
5038,38,50,-5.17636563317668,-1.863869478554632,-3.701091043447267,-2.534962564992778,train
6906,6,69,-4.630697185251841,-0.0582157514518298,0.2260268732560573,1.9410527425501167,test
9574,74,95,0.3658702974891865,1.1029930530450611,-0.8461174710668043,10.125491523285312,train
4954,54,49,-1.6499531693325724,0.3131486222032195,-1.3420912121092976,7.531728673780435,test
9887,87,98,0.9779958366059855,1.2194207450946064,1.7932908161288257,14.541106056533852,train
60,60,0,-1.1416143783233206,-2.3746400630107938,-2.381745662112183,0.727129113921448,train
1153,53,11,-0.2464056995155047,-0.3532980038054928,-2.615407663427032,6.03311705720422,train
115,15,1,1.7534609632381333,-2.44614809487776,2.435191898096156,6.397540369904071,train
9146,46,91,-1.5218665650551264,2.821845266886553,-5.627697975876173,7.004858121695966,test
2037,37,20,-1.5669383415242222,-3.271885071710617,-2.1158855553324987,-3.27857354018397,train
3660,60,36,-1.0839935939951684,0.0372007744180635,0.2494109787148362,3.091524003894549,test
5479,79,54,-0.2497476601844604,0.9980365475597224,3.284066810366932,15.25837023860434,train
9115,15,91,-2.191521751570179,-5.3258350099322085,-3.4507956520427583,1.9009126702750496,train
2226,26,22,-2.110193472609585,-4.083922200050868,-0.5538315065134705,-0.6308796279669018,train
1976,76,19,1.264477128067661,-1.895147224859562,0.967617398258547,8.058655129150363,train
9143,43,91,-1.2046617299058875,1.72997175357939,-5.769550870586734,4.487266879864947,train
8408,8,84,-4.064826483239566,-3.3455602041413024,-1.3866141965267886,-0.6435193668103794,train
6613,13,66,-4.150692599451858,1.4793201690660402,-1.3345982976358306,6.427511522819774,train
1818,18,18,-0.6805721481736243,-2.830289823496481,1.1854823343999263,4.807339576417778,train
7564,64,75,1.976163061606156,0.6316550950447861,-2.273086431709129,6.765114250736114,train
3601,1,36,-2.5673597734160807,-5.788295635278238,0.0309655407576728,-6.5799861307355485,train
5008,8,50,-6.316504038122231,-1.4571761117887647,-0.4070949580169757,-1.7693200038012806,test
9798,98,97,0.2737742597401145,1.2994067740352016,2.4997445329650216,10.67473111772743,train
6814,14,68,-3.474960590629524,2.1137315088230264,-1.6078397390362218,7.609075658552216,train
4743,43,47,-4.441267682023534,-2.538251871596344,-3.155685153323524,0.4826304744198468,test
4763,63,47,-1.0999074559354254,1.151214843179544,0.886218588548532,4.760609612046977,train
8310,10,83,-3.573821902305461,-2.506303532632776,-1.6882033912315848,1.302110043592176,train
149,49,1,-2.1790520399279174,-1.8344675280598903,-2.9612499019460774,4.186774093298601,train
78,78,0,0.733056677800114,-0.7980619543170395,-1.1780031659965888,8.466607228444852,train
9820,20,98,-0.4332761090780155,-4.040411477001328,-4.505736215523787,3.839633790168971,train
4806,6,48,-5.7896139923278165,-2.2249864283718903,-0.1745544255793462,-3.364524546820325,train
7146,46,71,0.8615421889297777,0.5828813675820298,-4.486911701585955,9.124204527889972,train
2697,97,26,1.322147566751896,2.2301046980599217,1.945229173851239,6.940307862971611,train
3894,94,38,0.9707780281914932,2.1583881803064298,4.739755185893946,9.523130011464708,train
5029,29,50,-6.542568865973154,-0.5523580603168626,-3.5043286289365594,-2.0640878349856404,train
6225,25,62,-3.306834652116657,-0.8753174173370087,-3.5779463269754967,3.8331546234279648,train
5646,46,56,-1.9896532496741333,-0.4790011909290905,-3.287749535790931,6.613758369045939,train
8164,64,81,1.1898616538035849,-0.1077449529819578,-2.819697177494646,5.092387047423753,train
9740,40,97,-1.2725424477381273,0.9497499719277962,-5.756698959930108,1.9766204750074072,train
4710,10,47,-6.385295219247067,-2.20477018806584,-0.6658671650736977,-1.7039145656113717,test
5092,92,50,0.8351251995047011,2.686997724699204,4.991164850980835,13.131170845147434,train
1812,12,18,-0.3859257972954695,-1.6806255959077545,1.787956269516098,3.1139474450361986,train
880,80,8,0.8859226047864841,-0.4645705721407691,-0.7219553106710346,10.179620924214989,test
560,60,5,-0.7729524620333998,-2.399431679540883,-2.295196572416032,1.3049510492772094,train
902,2,9,0.7942840251094994,0.0692065913331006,2.3227029799855354,0.8471423784196497,test
6277,77,62,0.7917855079872818,0.9052409641831036,1.7631335989978183,15.067418201685314,test
6550,50,65,0.7856692400141329,0.919892225875402,-3.454840518962257,11.109085767774715,train
4124,24,41,-6.743654311934773,-3.9555787191009513,-2.293036293434356,-2.201882364020957,test
5983,83,59,0.7281533490763432,0.5894320013894703,3.0557819707243654,16.78669286050131,test
1341,41,13,-0.9794125991480318,-1.790821847690683,-2.424412119242142,0.6026218197817412,test
3864,64,38,-1.1079790624635737,0.971896373627694,1.2560445648726148,3.036553201775659,test
1756,56,17,0.8424004708911269,-2.5589941882402263,-1.92524104635011,3.9683790178012446,test
2036,36,20,-1.6502585793820883,-3.391339681601804,-1.999333248122406,-3.65091235149263,train
7186,86,71,2.522511354072443,-2.735701419197532,1.596263415121679,14.729383745346626,train
732,32,7,-0.8399554978018237,-1.1579536848959464,-0.9272663309548488,-0.5247202773876454,train
3687,87,36,1.2776440145030048,1.8554693673732985,4.428862159648693,12.760489224531668,train
1933,33,19,-1.644823901760597,-3.1551704389371893,-1.5273553702888625,-3.368570432949449,test
9741,41,97,-1.445245430088872,1.0255105924050794,-5.745567665314656,2.6471227817126985,train
2043,43,20,-0.7940130987948487,-2.8901006759408694,-2.531520865817759,0.8155191307568206,train
4858,58,48,-1.262041508416001,0.5217039368800572,-0.364671371508034,6.119700660669338,train
2383,83,23,1.9363153824832844,0.4778117135058867,2.006537465786512,12.0941132135019,train
7454,54,74,1.489358427297606,1.652263629224659,-3.7979221232933456,10.899449251452843,train
1308,8,13,0.4164128072689305,-0.5752637926520744,2.3538352089328125,2.089148124967347,train
6521,21,65,-2.7958754798746983,0.5639121966205315,-3.0060375901113137,7.308532923285273,train
1352,52,13,0.018785884963195,-0.7502875474670656,-2.574663651761778,6.085951331635153,train
1735,35,17,-1.3447591590920438,-2.3696442242816405,-1.74537813283404,-2.702705084254536,train
5433,33,54,-5.165077242956876,-0.6213193416124606,-3.9474916237705298,-2.2063849692837185,train
9020,20,90,-0.7372591745383532,-4.358053008008205,-4.155864872646653,3.64234457601433,train
4947,47,49,-3.194818267568932,-1.2227880094191497,-2.704716109619303,4.998049149699392,train
970,70,9,0.2022708293990361,-3.0015789941946465,-0.9705230119830034,2.223880395398396,train
6772,72,67,1.616287615492162,-0.7099526884414245,0.173661017226517,10.37858903935178,train
126,26,1,0.183293056132099,-1.956018116565156,0.4242436875914139,3.0497952124783687,train
3598,98,35,0.7262329001202957,2.625232594409948,4.143713673492657,8.625242636813741,test
9764,64,97,-0.6074092539112398,2.839142548050671,-2.941199947114632,5.145797082809835,train
8418,18,84,-0.9775501604795528,-2.412629180360161,-3.390053314198512,5.555214664377283,train
4375,75,43,-0.8347300921732355,0.8295436769685243,3.5520240038484503,10.352207384577394,train
2304,4,23,-0.8716792283857391,-1.1935614924324327,1.1736506627819052,-2.38131006080367,train
1478,78,14,1.0535216355764188,-1.0807152161854794,0.1643170027276965,9.4771289014544,train
2648,48,26,-0.6842493239420628,-2.97450027420167,-2.2810506768919288,3.348257170837114,train
4115,15,41,-6.094090419798688,-2.928506250245413,-1.032935628758414,-0.1055744764364581,train
6789,89,67,2.675057584010815,-1.9164055086657708,2.4634196244778988,14.15435264401296,train
1143,43,11,-1.032927789897205,-1.3655043868901702,-2.605379950735025,2.275098254969612,test
3512,12,35,-4.2021654577598,-3.225730370523077,-0.1628681183595804,-1.4466035383989682,train
7328,28,73,0.9373357856386164,-1.726703716490712,-4.393638119093618,3.337241792494618,train
3476,76,34,0.3723136906665574,0.6141403892969377,3.3265971002841126,10.103839071440929,train
8866,66,88,0.2719045829741076,-0.3199754560013501,-2.725829120411829,3.9541905597182208,test
6594,94,65,3.140325823904524,-1.5008051714721389,3.229635152013145,12.450830456762562,train
9705,5,97,-3.3205912566238243,-7.295853216813112,-2.6413140691950683,-5.24676450000471,train
3480,80,34,0.8689475164205954,0.6701291162435836,3.780443675721423,12.588202581137882,train
2664,64,26,0.8351429821774126,-1.4768299485265768,0.3341187389956983,1.5390381676938083,train
6884,84,68,2.0415025212849702,-3.057743119479309,1.7550090087299148,15.17330352809536,train
2181,81,21,1.7269880706001568,-0.6768945277052301,1.5653926559348388,11.257898900244488,train
2492,92,24,1.995615258006416,2.5276108622318567,1.841691577102343,8.736313613774621,train
9540,40,95,-1.1775254364199397,1.1604258942610497,-5.807847678014187,2.0020660065444944,test
3969,69,39,-0.9544530836511405,1.0089125022499714,2.4000441002690187,4.90928717361011,train
2939,39,29,-3.1070059762617395,-5.50863173414773,-2.5962567821309093,-5.106475814348834,train
916,16,9,0.8682693546943869,-0.60889705448595,2.138118143533545,7.511198372955032,test
3506,6,35,-3.258718986902996,-5.794587421024478,0.1544681753554342,-6.159172344849239,train
8447,47,84,-0.3211496980958799,2.778314545602332,-5.344063389051144,8.6878291509002,train
7765,65,77,1.779887793731039,0.7171691231717033,-2.3074434509074857,6.454831010458103,test
3498,98,34,0.7879668195157963,2.687155517058597,3.9363500931532793,8.469818122322827,train
1998,98,19,1.1048334349272442,3.0236454902175334,-0.2624805817556477,6.425079098707368,train
8026,26,80,1.3594743305225765,-0.7612173407384885,-4.47240695798881,4.64268597202258,train
4267,67,42,-1.2444799189741518,2.171511114396708,1.987086259863956,4.894053942923391,test
4099,99,40,0.373040255118041,1.6319376320672316,4.930326798054463,9.322651134525632,train
5572,72,55,-0.0981782013980416,1.328394986145697,2.019940694505529,10.375607165635092,train
1360,60,13,0.478691989648937,-2.966682197737608,-1.7639473059343038,1.7162572675853536,train
475,75,4,0.3997667145484663,-0.8715594894848595,-1.0736185772839584,6.83193515800884,train
9414,14,94,-2.2894031673760686,-5.788484487964061,-3.5523856744914046,0.9562992676520664,train
470,70,4,-0.0313762753981691,-2.1926390411904766,-1.345550592857545,2.256192415357892,train
3740,40,37,-4.696396911430091,-5.396404243783114,-2.933357289256759,-4.984172672563693,test
9669,69,96,-0.0471557350039953,1.674417436019122,-1.9001618789588988,6.277882690536631,train
7369,69,73,2.003236818023604,-0.4758672652539642,-1.1681248876143002,7.904077620608713,train
1843,43,18,-0.6885968929315113,-2.943516583148999,-2.541177440373154,1.026274191481083,train
6892,92,68,3.137437746747323,-2.256943742454645,2.620363392837621,12.607210924106573,train
1331,31,13,-0.9326521282922918,-2.596885855656056,-0.8798744875044535,-1.278599870098283,train
2822,22,28,-3.413376636687447,-4.2727650443588985,-0.5651101326835818,0.3170594676840501,train
5687,87,56,0.877056432471538,1.084602026212878,3.941712802492087,15.742091674905597,train
8,8,0,1.9846764336460656,-0.7768633850647735,2.9340651331836427,2.938430267592442,train
7020,20,70,-1.393828847270585,0.9283976229126852,-2.9710572030109894,8.52942463966736,train
1796,96,17,1.3590983212869725,2.8761829937616152,-0.555235819716231,6.349636750705479,train
7997,97,79,2.0437278514292307,-3.993443896046524,2.0142521799142763,8.974602916987472,train
1124,24,11,-0.0784350756982451,-3.15895874265174,0.6644540933060119,3.759529189216383,test
347,47,3,-2.020358534730617,-1.531521770371234,-2.91736865745412,3.96673150443752,train
3276,76,32,0.6638010283512471,0.3082386472536841,3.1066480594189305,9.820417490757109,train
7050,50,70,1.210625749948842,0.9276837420234456,-3.946197894922094,11.142800108007032,train
4662,62,46,-1.2495562915731169,0.8584886503983615,0.698526173689486,4.509413970073095,train
6687,87,66,2.266259691606844,-2.219719612950352,2.3978755927078126,14.857177333846678,train
1632,32,16,-1.2507330727814228,-2.7011077881853427,-1.2028025970697285,-2.2508791657203457,train
7554,54,75,1.3847017577942324,1.5438342158384724,-3.898284594668924,10.66047028310013,train
408,8,4,1.6293533883449391,-0.3105448827776435,2.8676122915786686,3.313440103862227,train
8855,55,88,-0.8886244161311454,2.9517475564150435,-4.638424545452297,8.282012696207339,train
1318,18,13,0.1817223913582312,-0.8703547492755231,1.6214904080692054,7.028437537985752,train
760,60,7,-0.5032817296587104,-2.1492978076143405,-2.202776332569321,1.6590503097526326,train
2893,93,28,1.8255152018481835,2.241353722858648,2.8101992163557257,8.500000797492676,train
3015,15,30,-3.2505544588902944,-3.1492446441020974,0.111628619398195,0.9086778008923312,test
1579,79,15,1.2044589756102908,-1.0335429122103377,0.354989192869908,10.053183737887217,train
9452,52,94,-1.930865706379295,3.911859988095082,-5.072137420455559,8.940505347060856,test
278,78,2,0.6831735818588128,-0.8128655357176209,-1.1386913014055096,8.65991854169325,train
1572,72,15,0.8104688064643951,-3.05718908415196,-0.0267024350473661,4.04380689773166,test
1431,31,14,-1.0137657035705134,-2.807336315109637,-0.921910810209864,-1.5389408779591576,train
8921,21,89,-0.4151560786095355,-3.79629640450068,-4.244091123376432,3.89755684374394,train
6781,81,67,1.610716983195474,-2.1926803351175623,1.5209816049227376,15.47633293119883,train
7313,13,73,-2.882254794661549,0.9954278893449238,-1.5642797014481058,6.610996910779376,train
4580,80,45,-0.4489914286961703,1.5019034430911786,4.22251063643844,14.371557463956764,test
7060,60,70,2.2014354818153894,-0.0154250215434591,-2.366721447662461,8.121387685900679,train
9043,43,90,-1.0528542009459003,1.894616088917023,-5.757278788839342,4.689902413911353,test
507,7,5,1.486010101449759,-0.0165654755333668,2.831935346883543,2.825240263041609,test
5700,0,57,-4.794412104120948,1.8257469402859867,0.9815284324297718,1.6323430785840802,train
2472,72,24,1.1332775082644924,-1.3540186162228431,1.419918098806742,5.297856211384725,train
553,53,5,-1.3526728921130562,-1.4941530295314482,-2.846345271856417,4.833374525232226,train
5078,78,50,-0.6330903659080724,1.3688494205519313,3.6094097480093215,14.167556151392583,test
5859,59,58,0.9089691345247638,0.1144402466460546,-1.0279606276624256,8.002893728552898,train
2747,47,27,-1.0763420053712147,-3.127806361877462,-2.344329032199981,2.6068571859955587,test
2911,11,29,-2.537832006883466,-3.153733775322203,0.5563461662895753,-1.057275571977505,train
1563,63,15,0.7896121506035004,-3.4741785837899,-1.154617022756551,0.5700832917628804,train
2966,66,29,0.4412023644104921,-0.7195676364377146,1.0652596521916684,2.1276904861389774,train
3373,73,33,0.2063687192558188,0.0324392639107371,2.779972716571368,7.12950980772305,train
8288,88,82,2.2060854883641303,-0.5892211425314349,1.0999232891040625,13.547931894535266,train
8033,33,80,1.653648714071565,-2.4029056357193648,-5.209818552798499,0.2977069540997421,test
3557,57,35,-1.1826909663003218,-1.3021679092329694,-0.4721681357808129,3.4750395451940355,test
497,97,4,0.3585260289146004,1.3960266464363684,-3.212698160601387,3.7241370432666665,train
2462,62,24,1.0256886052247831,-2.1571163535890703,-0.2743386764940981,1.5059493911110584,train
5463,63,54,0.1651394459515071,1.3333414231402727,0.298466720461727,6.623098065615191,test
6857,57,68,2.001350065005266,0.6829079021528263,-2.6421129891092474,9.952316292578686,train
2187,87,21,2.076848702912585,1.4110901350225764,1.4335792591207204,11.000850955265278,train
6067,67,60,1.1557261152363714,0.0953815346566563,0.3560208898628084,7.48531982690223,train
822,22,8,0.4573744745247501,-2.8107417708285656,1.189366211261509,5.560260607251092,train
7752,52,77,0.968744492797778,2.257411299743476,-4.35371000497669,11.007204598498834,test
7119,19,71,-1.4157721766614664,0.953998984212754,-2.806893672339189,8.694261244794554,train
1419,19,14,-0.0423561834661426,-1.5903806237025049,1.393997170786094,6.371985176530556,train
3712,12,37,-4.724962519746496,-3.19648190679869,-0.3493651815503978,-1.6058493201256976,train
6312,12,63,-5.00542711470123,1.4206963141276416,-1.0746784260069155,5.243382057782645,train
492,92,4,0.9458511264351664,2.381554111691763,-2.351072421685434,6.407306010356068,test
6949,49,69,1.0408098950037432,0.6708220361772741,-3.9783127406868695,10.764977197437164,train
4183,83,41,0.2654743084914143,2.369053842086201,4.56021273420208,14.796887287583516,train
5731,31,57,-4.500297403896149,-0.6593067307116579,-4.001623476198858,-0.8878152059736824,train
625,25,6,0.2051811062007693,-2.5065093612360823,0.6171903012946286,3.765983847677511,test
8232,32,82,1.576397159157726,-2.242526667093373,-5.232036695121525,0.3028462026835221,train
5122,22,51,-6.907044913710826,-1.4938099706777643,-2.721287873458077,1.8075692639812704,test
1356,56,13,0.3168139664714289,-1.2496198781043986,-2.235083937129178,4.585853785650044,train
5900,0,59,-4.762149088742106,1.64639068133064,1.125691867856884,2.016645045306492,test
894,94,8,1.1007211784990234,2.5398092058910584,-2.2204714528707306,5.87728386334713,train
6527,27,65,-1.807686733103192,-0.8163852771169237,-3.94794692781572,3.394909211311344,train
9100,0,91,-4.188673678730945,-4.425067243463608,-1.005092487215439,-3.0965152812291947,train
7258,58,72,2.000323057058792,0.0539938729348107,-2.953098759163701,8.77970229625295,train
8000,0,80,-4.649177004288051,-1.620985991728572,0.7546390106684571,0.3457266464370461,train
9758,58,97,-1.4487290808265043,3.371093487269019,-4.102705073763611,6.89017638508513,train
237,37,2,-1.6880568627439685,-1.3122416442734612,-1.8606277960405004,-1.3815442177467827,train
6919,19,69,-1.933608308793611,1.264749284657585,-2.733794031876269,8.689737253510316,train
7718,18,77,-0.867630067908288,-0.6609192644520006,-2.898556150429714,7.584719916198627,train
2308,8,23,-1.0750812650346997,-1.259989650260682,1.325694082859234,-0.6111246873858451,train
4347,47,43,-3.684001402678913,-3.784733583493558,-2.449040630490785,2.2459831002421504,train
9504,4,95,-3.704885533598276,-6.638933698573648,-2.2409930775958875,-5.151819528414715,train
3102,2,31,-1.8526211062524232,-4.031645351249253,0.3195595003136814,-5.477447131330429,test
1246,46,12,-0.6951090275175995,-1.384237360408823,-2.736582222966896,4.224232212187928,test
4742,42,47,-4.680331960111045,-2.49202506199936,-3.260168410662624,-0.4053797368369283,train
2820,20,28,-3.2338432348986785,-4.396249521970894,-0.2680176048173354,1.0231115726306808,test
7988,88,79,2.5119953364552936,-1.4515436272177404,1.1731478757679932,13.561044735959996,train
1371,71,13,0.5994357592330154,-3.520296182663694,-0.406651922843516,2.9143864491620097,train
9386,86,93,1.0717428113615837,1.242263737853897,1.2603753311700534,14.518870370133758,train
9327,27,93,0.3125834449648483,-3.442732770930248,-5.15576785443212,0.7242005409643983,train
5295,95,52,1.2579641865950653,2.0700500400493613,5.009573363787694,12.351941401790707,train
5238,38,52,-4.792719256505532,-1.907314488679802,-3.810621288177191,-1.9989280901819564,train
3922,22,39,-6.310236144806878,-3.2317554100767967,-1.8287476865863128,-0.7047016418475316,test
4748,48,47,-3.2169268107459508,-1.5394249243916291,-2.4391900642091264,4.928561404635424,train
4289,89,42,0.6907087246715528,3.190134615242883,4.979146830610336,13.315504894669257,test
757,57,7,-0.7049615042404735,-1.5162736859766728,-2.4999053993173934,3.463943508705917,train
6338,38,63,-1.5152283054957498,-1.4768601365604406,-4.419374766217595,1.285718382249743,train
7032,32,70,0.4131977603540656,-1.3124162960376762,-4.641777688293376,1.5244555809641875,train
2049,49,20,0.1763124760263446,-2.9853510770453706,-2.4138846630207302,4.389208828620534,train
3415,15,34,-4.345432047245231,-2.663698015712072,-0.3592070702618186,0.4685687946671306,train
1301,1,13,0.2980293733644433,-0.510462930985577,1.8784938448214767,-0.1065245435978725,test
878,78,8,0.7114345143083249,-0.6044429054954455,-0.6948656910984509,9.293420488696889,train
7735,35,77,1.5265046259107145,-2.5645442215165684,-5.169078233847011,0.5151428929583179,train
3800,0,38,-2.72919470501489,-5.265383580760012,-0.03974845784173,-5.954504728166876,train
8301,1,83,-4.704705113563314,-2.9591553162071618,0.1558864209068217,-1.372845433394955,train
955,55,9,-0.4802832031390261,-1.076321992276632,-2.5727056048841925,4.828123413289457,train
867,67,8,-0.0205938395168399,-3.336522262855166,-1.3566061036802353,0.4427582476343112,train
7415,15,74,-2.145178186397032,0.8112552625657696,-2.0754946824411755,7.615456088325521,train
6511,11,65,-4.692583903129848,1.054083982607311,-0.863591794605714,4.795846449733325,train
7577,77,75,1.892212663891932,-3.451408924753851,-0.0746025819175877,12.185397171718682,train
9333,33,93,0.1069916263270811,0.1979821341901564,-5.634512740099189,-0.1676225436841001,train
5966,66,59,1.0557666825107876,0.188800890413945,0.3025789448749339,7.117857806363285,test
8681,81,86,1.4941915962876224,-0.9957754039381268,0.1247766123558498,13.965838759837528,test
6509,9,65,-4.91131016498827,0.5743337190814993,-0.4092249812992102,3.308930141517545,train
4587,87,45,0.3396991199751097,3.155014144872124,4.8939577129711385,14.828976314956847,train
8877,77,88,1.055511813886889,-0.1506755416703537,-0.543673833111611,12.133746682493976,train
7887,87,78,2.536383713152259,-1.4293778906147532,1.099764511472803,14.18448888008244,train
8567,67,85,0.769015822715909,-0.5230932905133234,-2.4718185434311404,4.652748328720018,train
9387,87,93,1.0825916453137967,1.4535243267705842,1.3992139125813443,14.236907673347089,train
9145,45,91,-1.4353638354761424,2.3796438649897955,-5.684856749744335,6.171313512511578,train
4428,28,44,-6.956726042946888,-2.6947450545131084,-3.01133967233022,-3.87428331314882,train
2953,53,29,-0.4345668086182279,-2.5654029025043874,-1.5211981839481463,4.122358253350705,train
1413,13,14,0.2424095116141526,-1.0051328613664188,2.1062324859451773,5.057406786758056,test
1353,53,13,0.1047324850395261,-0.8824184472121278,-2.5057007927008845,5.847678623703482,test
3768,68,37,-0.7773305007218443,0.5486083299766311,2.1180670779073205,3.861946489217708,train
246,46,2,-2.169828859090306,-1.6343383411486383,-2.876674704700719,3.3024447845340683,train
1319,19,13,0.1130531842275183,-1.3073253763330477,1.4677066532799288,6.727715859040462,test
8829,29,88,0.8843296346677229,-1.1717862794945255,-5.212397800863653,1.2279334645181894,train
2178,78,21,1.4873046410634003,-1.7865242223788853,1.4641586775743909,9.532230312759284,train
6332,32,63,-2.096216365044754,-1.493743933653278,-4.325003484152248,0.1496353961285583,test
2795,95,27,1.6132456127150314,2.161919776395649,2.402866055236228,7.46851733538583,train
8716,16,87,-1.825078280610787,-3.6905327783900654,-3.270270484446712,3.7556574757631935,train
8010,10,80,-3.509859168999488,-1.333175366661131,-1.3798967127514243,2.4901872185466973,train
8535,35,85,0.9610085085739108,-1.4655813753531906,-5.553625408092044,-0.1734191209456996,test
7452,52,74,1.3050541923223762,2.0893811859895868,-4.075631553992672,11.476255026320532,train
3631,31,36,-5.715533160393919,-4.551611440923686,-2.608373573868558,-6.705282800521602,train
7912,12,79,-2.902762682402828,-1.0945005293906984,-1.7371888873042458,4.196730799945414,train
5379,79,53,-0.3499331610942653,1.0707182221000695,3.414107842366944,15.121559660343031,train
9970,70,99,0.0941664121919785,1.6768135240347146,-1.491198978259176,7.3767356358888705,train
2970,70,29,0.5868540795307985,-0.5398987038879522,1.8207824882936192,4.244813195002626,train
7755,55,77,1.202037038625454,1.308624852508804,-3.946869532466092,9.807449933362058,train
1831,31,18,-1.4940963138523582,-3.478923764116418,-1.132023809698473,-2.644757100852488,train
6616,16,66,-3.532963798663072,2.167173925699014,-2.0089778789044144,8.24426568880784,train
8987,87,89,1.4057535808413169,0.9876234397403828,1.1422228608188327,14.05883422215156,train
8976,76,89,0.8972079919216075,0.173459786476729,-0.7091320614443984,11.441211558987296,train
3335,35,33,-4.676497898870111,-5.877441390057238,-2.6585134186730364,-7.611006898849337,train
5193,93,51,1.0057636713978648,2.2521930432901764,4.976579637067385,12.726673264312288,test
9875,75,98,0.4173070564051813,1.3822714543653656,-0.4260024075897333,11.490425921531374,test
4114,14,41,-5.968112581062295,-3.1008343538488763,-0.9019878494088148,-0.6043618774547506,train
9151,51,91,-1.6293259607819763,3.7260630813915,-5.196892087922191,9.038017558802617,test
6581,81,65,1.368858885446586,-1.1879687815622666,1.8325311361513044,16.014821176619403,train
6232,32,62,-2.492937974246834,-1.5330270231944898,-4.2809546991016285,-0.1376745830459986,train
2028,28,20,-1.7651968639405513,-4.615866950930824,-0.7327034650740616,-1.8901167462930315,train
6413,13,64,-4.634103310918399,1.3979752533320715,-1.306491559423825,6.029345300767863,train
7585,85,75,2.483524935317416,-2.1411978602194544,1.0583853054570658,14.901836651143707,train
8340,40,83,0.5574765773885318,0.0027748951783161,-5.576959332268554,2.8750162573999285,test
4429,29,44,-6.893392374922936,-2.478248008166197,-3.1035216633566813,-4.337127309541955,train
4338,38,43,-5.683438851539929,-3.101075663808613,-3.3126857483761123,-4.709273004567871,train
7857,57,78,1.206436002736322,0.7734180215450658,-3.740388869673189,8.470617659930616,train
5777,77,57,0.0605222162420157,1.543124072595383,2.562420958900907,14.839712018344326,test
7757,57,77,1.3666819826594103,0.643809783043848,-3.647360696979291,8.624629607192372,train
1178,78,11,0.8512208650089255,-0.8838412285348041,-0.3084632146235497,9.36949222756969,train
3176,76,31,0.7990754971696017,-0.0282999566527929,2.980993042698821,9.586922414749964,train
8369,69,83,1.1550279122798308,0.3432021832707801,-2.019122840933257,6.530263880696223,train
2661,61,26,0.7774699884849469,-1.6881155125410925,-0.2533817801782999,1.9638195232385445,train
4689,89,46,0.4783993604497438,3.591803128652422,5.002500824490868,14.27250815276411,train
3296,96,32,1.219358542793825,2.561073304872637,3.595639360168573,8.161271763362572,train
9351,51,93,-1.8802279304793208,3.557768469451412,-5.198238535090413,8.802784413465316,train
6801,1,68,-4.591282788369987,0.5963387190182877,1.2968986876086264,2.320511131265812,train
4056,56,40,-1.9247011420317213,-1.7457619050067374,-0.611065435383353,3.9731959873500857,train
5010,10,50,-6.599581953435262,-1.4371956119204676,-0.7037547787997828,-0.7117080715882298,train
2756,56,27,0.319631119712559,-1.8183493200242653,-1.1185974088943844,3.869280969119405,train
558,58,5,-0.937011521984482,-1.9841675942373265,-2.4891173772639186,2.481534654204854,train
2286,86,22,2.081945263482157,1.2240291466331212,1.7203804110732226,11.511022179774582,train
1391,91,13,1.614871606806903,1.8370303321249195,-0.8384534850864946,7.839501900503166,train
5989,89,59,1.6239507636748685,0.0011659706235367,3.692616480053268,14.720803624936096,train
8319,19,83,-0.5767236729971023,-1.908561175736744,-3.5005247780864863,6.107099159274835,train
2576,76,25,1.3300301195780195,-1.7243529664946942,2.053263283131581,8.419602480096017,train
6753,53,67,1.475184112368136,1.4313917597734644,-3.1977794917155986,11.620076326273068,test
5478,78,54,-0.2988525898821024,1.2210490813603476,3.1415493336836846,14.823430639519486,train
7903,3,79,-4.638695894029151,-1.806209222162929,0.2619462730730647,-0.3385928446051656,train
8331,31,83,1.5141409007150788,-1.8139764172028767,-5.194214784650759,0.7239985512971581,train
6873,73,68,1.6376270008099578,-1.087449988225867,0.1866266237125547,10.94682047922952,train
5934,34,59,-3.4089840971753707,-1.4653597849958262,-4.219474341528907,-1.1215518312955703,train
3180,80,31,1.2582801942817026,0.180689140327607,3.385828184805797,12.103692546361096,train
2309,9,23,-1.1290586179839452,-1.4444742367639778,1.323003103279696,-0.0692921089396949,train
4218,18,42,-6.591417014603815,-2.865214503325717,-1.534604615038981,0.5293572870770769,train
3390,90,33,1.6678434172783323,1.74060844733016,4.007849086244015,10.611889722886405,train
9710,10,97,-2.7331138682566767,-6.484439134343835,-3.270276225318064,-2.091093824616016,train
6487,87,64,2.022679524818189,-1.7599538278896456,2.7065236726171533,15.061017814040907,train
1052,52,10,-0.5127046101687222,-0.647429215378806,-2.7212456953014392,5.979710789110362,train
6713,13,67,-3.921359186783525,1.437020403570313,-1.3538931541001236,6.546890825959915,test
4263,63,42,-1.4033366828038312,1.35150545407414,1.0539283917234057,3.8140015935019727,train
6418,18,64,-3.741521085174242,1.7666100638260087,-2.391414540533265,8.051314384528474,train
